x1,x2,label
-0.7835259583449966,0.5021609501061586,0.0
0.18737125145621494,0.3794721168626903,1.0
0.2656723508463228,0.27939911844766785,1.0
-0.13469954919459834,-0.8879732857778126,0.0
0.32966252505068677,-0.4808921308868586,1.0
0.0837165745498544,0.5762009587688112,1.0
-0.5193688398103388,-0.16899216378263981,1.0
-0.14245906703516575,0.34846907763427964,1.0
0.3336402066449168,-0.40003295760820967,1.0
1.003449101201556,0.15099801029439877,0.0
-0.04343163170152682,0.4991093169019393,1.0
-0.4534303872452104,-0.09191093204307507,1.0
-0.09686510206596693,0.8569811349875922,0.0
0.35611156148732426,0.7887975634648001,0.0
-0.17245261653496977,-0.8895705174270987,0.0
0.4577063665155224,-0.40878218952984985,1.0
-1.040890789942395,0.32987171107711044,0.0
0.4324017570765514,-0.1951095443326819,1.0
-0.42132318766824756,-0.23520463710442785,1.0
0.0993720820284964,0.4001385952300114,1.0
0.30922733733374547,-0.3667495077931816,1.0
0.1148003735938983,0.5029630212497822,1.0
0.21511920674926666,-0.9760895022765184,0.0
-0.5791786803101241,-0.35176908900246057,1.0
0.6354297446358133,0.2615362410968629,1.0
-0.23822799754101692,0.3846465677738458,1.0
-0.9564907075453257,0.1978901680601998,0.0
0.18849083177611237,0.39768986670804235,1.0
-0.8397259869195763,-0.14861008071973492,0.0
0.39709822689733654,-0.24081199194260328,1.0
0.00491834815869217,0.5520082537036506,1.0
0.5218186716697109,0.35640335017335417,1.0
0.4563332908373956,-0.06397283479981916,1.0
0.07041110221415812,-0.6495679516257016,1.0
0.7198012952639059,0.3551980781762988,1.0
-0.9134624590619433,0.48054924121274906,0.0
0.6262800452971529,0.06099715325042717,1.0
0.6299107955258899,0.9410537465529604,0.0
-1.0998841408824191,-0.0037146508762619795,0.0
1.0916474001467897,0.014670688636754692,0.0
1.0780242511803928,0.1555766432473621,0.0
-0.2586904514061672,0.24420427684843501,1.0
-0.08007002979354144,0.503512862646462,1.0
1.0767565123534226,0.15972899092882945,0.0
-0.3729787098467236,-0.3740038095554722,1.0
-0.9711646413059857,-0.11127604198565451,0.0
-0.5017981016826132,0.7811370838571748,0.0
-0.3907238270151373,0.8428707829868741,0.0
0.27622087727878547,-0.6014076267093236,1.0
0.40710567796517927,0.3482182612942917,1.0
-0.4934655001488579,-0.16493091309322913,1.0
-0.11043704309280934,0.42333147281183114,1.0
0.8848045205290291,0.3064995108815386,0.0
-0.8586472590197559,-0.42313395297013323,0.0
-0.1572912055617588,1.1232348311040032,0.0
0.9232717611620044,-0.36725014502287856,0.0
-0.8228379395683197,0.0014330461044161913,0.0
0.06655284569475368,-0.344647561191362,1.0
0.5884009741324338,0.13984340116017313,1.0
-0.3861018548804892,-0.1396148406751564,1.0
0.7095540894874965,-0.7997521230690697,0.0
-0.47124400225879776,-0.052999277929754784,1.0
0.40851754633855025,0.1981439525637635,1.0
-0.2629093839148753,0.35358369973294723,1.0
1.138903561344871,0.2834711197694295,0.0
0.31504376393489125,-0.9373674529599524,0.0
0.8076280511586003,-0.39351365869644106,0.0
0.28419702134886404,0.48966590339835986,1.0
-1.0293373511991315,-0.07319305577547214,0.0
-0.7921657310207589,0.7800131251682697,0.0
-0.13753735359405117,1.0921617367258962,0.0
0.8292601203375528,-0.7216032869660883,0.0
0.22683840839779693,-0.31798048294052783,1.0
-0.16286447312142363,-0.529358979754977,1.0
-0.3589332603960635,0.9708292678695536,0.0
-0.3710913935346652,-0.39238367849499267,1.0
0.46012383339918095,0.809081430187932,0.0
0.32473860873806604,0.7138327697709206,0.0
0.19301206559210465,-0.43400947407962376,1.0
-0.6138909497397651,-0.12458171027870535,1.0
0.9919232306831817,-0.5135763532186592,0.0
0.9120057973293765,0.6844337117507281,0.0
-0.716853590719107,0.6778935353101195,0.0
0.27366579507757677,0.5184221334196829,1.0
-0.2058798411551654,-0.4649539551539337,1.0
-0.000132146760213267,1.0534578721192267,0.0
-0.17592687296360698,-0.5468466219904305,1.0
-0.03751016898739795,0.9572252575242819,0.0
-0.8192000719366965,0.042275292092746185,0.0
-0.34310987441261165,1.0220060929975352,0.0
0.9781163495032964,0.31236058393446553,0.0
0.42213162941346516,0.07720556239893378,1.0
0.7018146270953582,0.8494765072806993,0.0
-0.5449828233739182,0.35188343505429653,1.0
-0.5828111290255211,-0.3991454012311366,1.0
0.5960458528737914,0.01944247587748961,1.0
0.39337066376221386,-0.3312361882749838,1.0
1.1083866639718933,0.4934627613172595,0.0
0.35738526593187986,-0.3652066896000995,1.0
-0.0443704007776274,1.0501430551956532,0.0
0.5688962165102409,-0.10330441962220854,1.0
-0.10116958991131057,0.32068577846543533,1.0
-1.0496621735648277,-0.2093877173790533,0.0
-0.38722026494739575,-0.03069892917595031,1.0
0.9390292765943334,0.10407213546807514,0.0
0.5162544841050922,-0.49275690021652513,0.0
0.2856340055426592,0.3174800644731174,1.0
-0.3577134895785628,-0.47589879300754895,1.0
-0.11629680060859549,0.6956901670809315,1.0
0.7708477187456414,-0.6577283901614591,0.0
-0.9125008285342797,0.8809459452112205,0.0
0.07061015491990202,-0.2601810506885699,1.0
0.7780705170838702,-0.0034742386798102542,0.0
0.6087261389756544,0.14175069591223266,1.0
-0.44043278218934867,-0.0756726959344819,1.0
-0.6792844313806496,-0.9464787459445695,0.0
0.30937387890340007,-0.1812511440866855,1.0
0.8767197510805147,0.40872097474724234,0.0
-0.2772824046211547,-0.8766383623955134,0.0
0.9228552774724117,-0.0636016174197144,0.0
0.694578827045392,-0.8202513436651561,0.0
1.0092099588937395,0.1953200799327063,0.0
0.483768174589723,0.16286585269442172,1.0
0.5465773032887112,0.7524134408035444,0.0
-0.24365628159260122,-0.3500505011065588,1.0
0.4059836960852564,0.34948525234228806,1.0
0.9875567797520444,-0.43235389253737816,0.0
-0.5196976412135627,0.28542090510491674,1.0
0.18837764837338375,-1.001466262023715,0.0
0.1340751829956422,0.3092257924946022,1.0
0.4026024765889669,-0.9434886412532083,0.0
0.6641906994122522,0.7575231661598586,0.0
0.12306128517224627,0.938561751456231,0.0
0.19254747447511564,0.9411121239744855,0.0
0.3050098067144661,-0.25861446094491897,1.0
-1.0572763616481982,0.16597909039948042,0.0
0.9893539634392101,-0.21132857716383113,0.0
0.0051699069319164626,0.4274488141560281,1.0
0.023975100281088763,-1.0040195286953806,0.0
-0.09255740219741913,0.9779134662217805,0.0
-0.20447591303314197,-0.37345074219481844,1.0
0.30807568535278285,-0.946441073242658,0.0
-0.39907360977672773,0.07407173793930444,1.0
-0.8889145350578197,-0.42372447438938543,0.0
0.7994794531164501,0.42675858332094313,0.0
-0.8150384062249815,-0.5963271817290189,0.0
-0.5058893636715988,1.0473136947257329,0.0
0.6907637999923885,0.5890834781485511,0.0
0.16825546899152702,-0.5517532559587824,1.0
0.4126137304970705,-0.38460616138464543,1.0
-0.8885074371364136,0.2537157138005485,0.0
0.4876436029859505,-0.24509535787993622,1.0
-1.0869160859875664,0.16393185725025902,0.0
-0.24995284620725305,-0.16794849227086392,1.0
1.1423140326035646,0.16849783656394623,0.0
-0.2716166021370448,-1.0134444293242066,0.0
-0.20813295048611843,0.9301006773483452,0.0
0.8336935967729444,-0.4351894962039925,0.0
-0.9315546199971154,-0.43161168268440847,0.0
-0.32958387151850643,0.3977137911806382,1.0
0.33341689821540843,-0.2887357545006899,1.0
0.23271056754098132,-0.3674884021858962,1.0
0.43941026113401704,0.3688737257339234,1.0
-0.21277510646701817,0.590814777706171,1.0
0.3839992592115365,-0.16889083886742962,1.0
0.6497815065459875,-0.5157421921984271,0.0
-0.3789808869097367,-0.37479841657207874,1.0
0.41785430515072064,-0.3727667698308719,1.0
0.3735380165908693,-0.8111453075035352,0.0
0.4829776212933443,0.34689403677279274,1.0
-1.023117523464572,-0.13861127891159963,0.0
-0.47610090968238944,0.3695533516180046,1.0
0.7529448125886449,0.651926523609357,0.0
0.4010508756420298,1.026829578751973,0.0
-0.9982275895007943,-0.20150443536023616,0.0
0.48363156005585395,-0.3674255192295397,1.0
-0.3144966023972549,-0.9623646060983384,0.0
-0.5933254203621797,0.9250976079200924,0.0
-0.02132157438422136,-0.2918393912090274,1.0
0.2609927902011251,0.898731421956664,0.0
-0.3375356807785619,0.3089886291450122,1.0
-0.253683281273105,-0.055650611220354904,1.0
0.46722023064224694,-0.29044122923131344,1.0
0.07340092654037747,0.9221576608398233,0.0
-0.4093610150212557,-0.5166923286197399,1.0
-0.11237705225464262,0.27363760135534226,1.0
-0.419715832858786,0.3613044006801696,1.0
0.697977960009107,-0.7667891316265902,0.0
0.2413947131655338,0.9775237132098972,0.0
0.39373396572893987,-0.25035471381351504,1.0
-0.4183194593778201,0.32204833778962044,1.0
-0.5253233363568989,-0.9648577807529387,0.0
-0.8631797712812976,0.11466910647625472,0.0
-1.0740683346799162,-0.3004350969732646,0.0
0.7572829822116296,-0.49924606515008935,0.0
-0.24499883296512318,0.25937166962525704,1.0
0.537107011031595,0.06062120551931582,1.0
-0.7311977052590849,0.5682653797096647,0.0
0.3611361675584715,0.4823064726764704,1.0
-0.342734120974038,-0.23237125950360357,1.0
0.1973443692372423,0.14452194854483802,1.0
-0.38127019679423335,-0.7834167268116323,0.0
-0.9009589477158977,0.4610175341763463,0.0
0.913138857559068,-0.4110600774978771,0.0
-0.2677662974649571,0.34549347729731755,1.0
-0.003657537196031152,-0.5903644315448535,1.0
-0.5225608764829841,-0.4254861959762555,1.0
-0.18619995235153697,-0.26914733782804995,1.0
-1.0192147906272977,0.251996897429721,0.0
-0.3098705734976468,0.31769200045623913,1.0
-0.26620024979989276,1.0397880853763772,0.0
-0.0412644560247515,-0.9656878983743901,0.0
-0.2794753987487164,0.9025633102864306,0.0
0.21836860767433688,0.4316008441288929,1.0
0.18452842760228289,0.9498142242203927,0.0
-0.7644226625648969,0.7200211550975515,0.0
-0.3586434180160851,0.29306825284419835,1.0
-0.0066458386508313,0.924608372084852,0.0
-0.39093414528341586,0.4621766414458449,1.0
-0.47760620761679345,-0.8325423133821596,0.0
-0.681535672674712,0.6683425832210574,0.0
-0.004894851440425063,-0.9821085229856525,0.0
0.29148878722766614,-0.9942455264398216,0.0
-1.0388370313661541,-0.1397781762419133,0.0
-1.136038703761996,-0.25951856502811893,0.0
-0.2757412599321149,-0.4566410643752928,1.0
0.37221252623597206,-0.15091810816463241,1.0
0.14984476755527068,-0.48962676513334924,1.0
-0.933095562168192,0.1958075214882793,0.0
0.16223002477679763,-0.3771288955466197,1.0
-0.5574022037451768,-0.8038144921086907,0.0
1.0831708490123901,0.10975067079598605,0.0
0.09268189363153903,-0.3414425061454066,1.0
0.3494926465441357,-0.17799537129235846,1.0
-0.02114512126644094,-0.46547043296053225,1.0
0.3119879845504399,0.3897312789592472,1.0
0.35889459330739965,0.34211377343022903,1.0
-0.3327306731146543,-0.21508197297063714,1.0
-0.7052511620151264,-0.5452082496645393,0.0
-0.3061788363421837,0.6163458550208272,1.0
-1.0076568703625093,0.06141469271808307,0.0
-0.9854865131564201,-0.5570676795130244,0.0
0.8415329045410436,0.07816228669489983,0.0
0.8390069040560407,-0.2506141506008942,0.0
-0.7987328304448328,-0.7532443082670925,0.0
-0.31345363310614127,0.4253856244005984,1.0
-0.7913186942437408,0.2314930008009593,0.0
-0.658388915418874,0.655607578557433,0.0
0.8661349789360688,-0.810382499121152,0.0
0.41367166905459346,0.9859470765676897,0.0
0.48287528017116965,-0.03690479551211712,1.0
-0.15211781188685047,-0.3730204426326613,1.0
0.04859652673046193,-0.4952425087027598,1.0
-0.10801600705332906,-0.41054443591514345,1.0
0.002413613308786585,-0.3449415866212102,1.0
0.9214163999707493,0.40176731053459486,0.0
0.27104753293307104,-0.35585936366875665,1.0
-0.17889025168597536,-0.4330823188579609,1.0
-0.1791414621099871,0.5953297798167348,1.0
0.1291341673288842,0.9991765390996279,0.0
0.4125278864372521,0.28373510770716864,1.0
1.0811866774955163,0.003938777490815809,0.0
-1.0924850394800554,-0.12306754538851185,0.0
0.13324865720125323,0.2672031435832809,1.0
-0.8133119460229744,0.0694636890405815,0.0
0.1445124362272344,0.6021567193752593,1.0
-0.09149487528684574,0.46828178230306416,1.0
0.544207200087443,-0.04438382651704845,1.0
-0.3174648739963093,-0.5917902848293346,1.0
0.012263408931813644,-0.4402515717336871,1.0
-0.9294365734559443,-0.19436005401411527,0.0
0.06752573465337267,-0.9438760012214334,0.0
0.41881622893206216,-0.8512076100453745,0.0
-0.7503826637768387,-0.5197917989003441,0.0
-0.8704086793074126,-0.18172034301798165,0.0
0.4073620786018656,0.15692054936892724,1.0
-0.16945383430885522,-1.0530980165323478,0.0
0.21191055820729796,0.9706554359756842,0.0
-0.32198280131148993,-0.5304755009529312,1.0
0.33023786596014865,0.17449707929842284,1.0
-0.3733115937987938,0.015082808749748228,1.0
0.126374890760151,0.32426297509978325,1.0
-0.4081962749138446,0.19914637416501674,1.0
0.39782712298557776,0.7099959569017232,0.0
0.43195187193599005,-0.047007571110544814,1.0
-0.35704450050745296,-0.7636522521064353,0.0
0.24487051123826223,-0.9368163803252194,0.0
-0.5151511014447618,-1.0086038601532814,0.0
-0.4150203188989901,0.5256775665072435,1.0
0.9347064388084354,0.2940542948790293,0.0
0.6141945888881252,0.8569648821625806,0.0
-0.4402147740001462,-0.25165680247606736,1.0
-0.0031974656403373908,0.478010338490722,1.0
0.34132619295170874,0.9767042520596366,0.0
0.8782719417567647,-0.43392014194050954,0.0
-0.9778927788749632,-0.38835142465361644,0.0
0.9404119295788923,-0.20848222711670938,0.0
-0.1522470924473804,-0.8527304668744426,0.0
-0.5031674263949969,-0.020014819911090262,1.0
0.3553761217389025,-0.7554248987500393,0.0
-0.6226228253164963,0.18674106956704684,1.0
0.5015224983162283,0.2526293481145743,1.0
0.008488035554915771,0.4730516913166869,1.0
-0.6280315861639759,-0.8074800720239186,0.0
0.07098922816832541,0.3808542170518578,1.0
0.5211821402856597,-0.3824302775981532,1.0
-0.6421063365665638,0.6563722526286438,0.0
0.2377744487785096,1.0093073823760312,0.0
-0.3063519938091673,-0.6568997561433456,1.0
-0.09363940795942677,-0.4297485195684213,1.0
0.9783876997057259,0.16044577909345467,0.0
0.4273894512855654,0.2543838996660994,1.0
0.8195253627933765,0.5043036511248787,0.0
0.3156064556290882,0.16487779564177796,1.0
-0.2754133401242256,-0.2882599653023403,1.0
0.8923514173349278,-0.10895644542804855,0.0
0.4900684304491418,1.0282351004860566,0.0
-0.7952497648382255,0.646772947572479,0.0
-0.48310491825965285,0.30969268313755266,1.0
-0.07100534054372773,-0.4790018799001624,1.0
-0.5574573365301236,-0.8517739640411955,0.0
-0.37507233801620843,-0.07794386035694906,1.0
0.8390327073796329,0.17728223404572765,0.0
1.1496409217136703,0.40324236948220993,0.0
0.08949102664368906,-0.42811740126709114,1.0
-0.5569875199028786,-0.0703871749724168,1.0
0.8054578554564984,-0.5352485579829823,0.0
-0.6206880957624654,0.13335879936580514,1.0
-0.22934612034526647,0.3216717680205054,1.0
0.7381919024998282,0.7506015617169646,0.0
0.10674310440288072,0.4313986381684152,1.0
-0.19749631098842324,-0.4262661404264449,1.0
-0.21372085919150882,-0.44164225887120734,1.0
0.3653052390568677,0.1520535548232358,1.0
0.4036645189771703,-0.9674718136972318,0.0
-0.1853443341214469,0.8794252946631989,0.0
0.2915668848456201,-0.90292442734937,0.0
0.5867223318194008,0.6049172632049001,0.0
-0.33819791247337627,-0.01891422903534193,1.0
0.5518653425801006,0.8075901488796077,0.0
0.47523488685013604,-0.30406949761305824,1.0
-0.3310462575979264,0.28819426208683807,1.0
-0.04687274830266928,-0.8561052705273147,0.0
0.5979268709298492,0.5275651948123325,1.0
0.29317176995457467,-0.7769501494953752,0.0
0.4824910636480304,-0.2719202350853389,1.0
-0.034680625159243805,-0.5027822227450526,1.0
0.8945707861952429,0.02926496295166814,0.0
-0.41975534822785643,-0.1909362181081436,1.0
0.7893823014656803,-0.8475054662035322,0.0
0.7308728914026208,0.14893488414713682,0.0
0.5859075479769857,-0.3334690771397043,1.0
-0.4526780519185155,0.33471750072979334,1.0
0.3360172056453796,-1.1092771234305279,0.0
1.0234505210300684,-0.33211619372090456,0.0
0.15281179310931214,0.46615166808110875,1.0
0.03120646803737205,0.40194861051757175,1.0
0.4911555475945135,-0.21669374649377032,1.0
0.8202637993165752,-0.07394217320752212,0.0
0.09464816085130283,-0.8674246913513248,0.0
-0.3841584788296426,0.1840661940227699,1.0
0.676834349175076,0.8319551243817322,0.0
0.10903557625159917,0.3916456150967476,1.0
0.4562575744094522,0.2471181023632683,1.0
-0.9243154570026424,0.4684655641800771,0.0
-0.3848613171021106,0.10894821380218964,1.0
0.7844134923648363,0.5062728078672896,0.0
-0.7201365445931636,0.8750484417725112,0.0
-0.04438269527082063,0.4723336213479015,1.0
-0.5299046226259242,0.19992033428109315,1.0
-0.7033362965414234,0.9996289047625726,0.0
0.37533405447135376,-1.111915269697466,0.0
-0.4732270801249197,0.9603014857318234,0.0
-0.37115189746785804,-0.9769459019238778,0.0
-0.4122008916066413,0.33947900299994843,1.0
-0.4369843168278144,-0.21977407647581196,1.0
-1.0172008463083786,0.26987886974843384,0.0
-0.8092087634628872,0.4260990722292229,0.0
0.54581071860049,0.4426498271585716,1.0
0.677438818329324,0.6298692501654466,0.0
0.575324474222122,-0.6833425097006589,0.0
-0.9793343139044697,0.4107246665362857,0.0
0.8038983841398131,0.26930244240272394,0.0
0.2603184541385858,0.39949582803410644,1.0
0.5897757137614905,-0.8906351788997632,0.0
-0.08926760029760061,0.2810205207981048,1.0
-0.17082998900591267,0.4179479236138629,1.0
-1.0772518604294894,-0.04578741756053224,0.0
-0.25046871050837427,0.34313825581250773,1.0
-0.08599931155800652,-0.6450943719210106,1.0
-0.29485584575504786,0.959118452149622,0.0
1.1001915400976268,0.3301883833541903,0.0
0.30638424982815443,-0.4923169137581159,1.0
-0.290503928820194,0.38329127004618696,1.0
-0.29423618334212354,0.33283778883276727,1.0
-0.5932230012418266,-0.7766870527623848,0.0
-0.6574593377491885,0.5991086311708896,0.0
0.2334266850948255,-0.4161867103460877,1.0
-0.10589699944315388,-0.40050432895114296,1.0
-1.0591485628783581,-0.38777098315630465,0.0
-0.897304488658542,-0.6244448204288713,0.0
0.5600915133348755,1.0112015975223483,0.0
0.2393389620454211,-0.4889178310771327,1.0
-0.36967316530471633,0.9206779702317112,0.0
-0.2580652931273465,-1.0079358601104187,0.0
-0.8376574964550003,-0.1540736441663287,0.0
-1.0484290304966288,0.08330792964041855,0.0
-0.08036981438596622,0.9391511458479876,0.0
-0.5630859366331556,-0.08203589960756619,1.0
-0.3786180973249558,0.175220391040872,1.0
0.4235373105173548,0.8627638961155218,0.0
0.2538724218711211,-0.4982427755287586,1.0
-0.6739743283704488,-0.6908537981047556,0.0
-0.5705628670857886,-0.11398946545537095,1.0
-0.8547245715008759,-0.5415424373991433,0.0
-0.5944347418731587,0.7561348749097693,0.0
0.19527394834708,0.5443420014279242,1.0
-0.39642440447199356,0.17373985375031828,1.0
-0.2768989764297033,0.5527044163733281,1.0
0.8511103390416059,-0.3391779647903316,0.0
-0.5461429529474372,-0.1836717715721686,1.0
-0.05863964957449242,1.0780802404650067,0.0
0.2981175594054804,0.3491228988352362,1.0
-0.3387224224353339,1.0075450738642215,0.0
-0.4036821993878115,-0.2987442519859114,1.0
-0.7415267404190653,-0.5791802016299021,0.0
0.5656981609781977,-0.7532633582790179,0.0
-0.35939749087688705,-0.9461460208932713,0.0
-0.5076117433112806,-0.20408222463848258,1.0
-0.9139418872744876,-0.34587613828754094,0.0
-0.44420705693603535,-0.2429556329549876,1.0
-0.18053686132958513,0.9633779641416693,0.0
0.350045182698985,0.7658633748445228,0.0
-0.48395123531459616,0.07629612896862947,1.0
0.3584704409662207,0.45796274877739007,1.0
-0.8260343129165817,-0.43665976275393714,0.0
-0.30980934812123706,0.3793307709031926,1.0
-0.5984597206507801,-0.8394676690033273,0.0
-0.5136886861513231,-0.860464674985841,0.0
-1.036265493662389,-0.04097939382058949,0.0
0.14433772081208562,0.6706407256304214,1.0
0.38124072620810734,-0.3219558471062057,1.0
-0.2817365059214238,0.26238699957653216,1.0
-0.5138135659164081,-0.8250160897492318,0.0
1.0674398926420716,0.15584847995146323,0.0
0.23827516150738554,0.8725064505249095,0.0
1.051292058111827,-0.34180416389390805,0.0
-0.7501968564351005,0.6663679643757731,0.0
-0.869625869038212,0.36714853251680296,0.0
0.0919594191651308,-0.9367870171828486,0.0
0.19456801992206751,1.2009201513103833,0.0
0.8843781119326148,-0.281472622364116,0.0
-1.0614132169635424,0.20794399706585373,0.0
-0.707183604182227,0.03996626169092257,1.0
0.20786870317434575,-0.41091261750365315,1.0
0.30703565047397513,0.2998173344017646,1.0
-0.3354918166209387,-0.0823630920015932,1.0
0.9614587404191891,-0.029944190838167517,0.0
0.21269094557921708,-0.2624631780755183,1.0
0.4156934954161217,0.240604735839941,1.0
-0.7482483325643238,-0.5558793678332443,0.0
-0.4762062364046263,0.13882127815048134,1.0
-0.8659061295383833,0.04811174188025914,0.0
-0.11110482354565986,1.0259738869809203,0.0
-0.26987809305908067,-0.9736446433024278,0.0
1.058592843765751,0.23683323020085967,0.0
-0.497910970004539,-0.3862353338941413,1.0
0.4133719492389377,-0.08738668390878934,1.0
0.48352248856335805,-0.10517980848064501,1.0
-1.0502764709482997,-0.01421363783456836,0.0
-0.44476388516933074,0.11119284080313194,1.0
0.8727582222654904,-0.04738226776099106,0.0
-0.2912350398463106,0.18859372968412183,1.0
0.5855042663116439,-0.9233522714367104,0.0
-0.47303948078951225,0.09419180259858535,1.0
-0.4322797839940664,0.8357954940040054,0.0
0.14839717306026318,-0.5565942779414672,1.0
-0.08128671406688687,-0.6659850757107477,1.0
-0.07049928866481008,0.39848842434630083,1.0
0.818999412980188,-0.6324692814511749,0.0
0.4222900482323522,-0.07320669317715758,1.0
0.45761008556370575,0.40919959573343134,1.0
0.5351840598364902,-0.055056656679340336,1.0
-0.12842886859336422,-0.3924467032742643,1.0
-0.9701477859999807,0.008697982112496547,0.0
0.9185638936217972,0.5727930417744002,0.0
0.6655824644082807,-0.14756190658095067,0.0
-0.07227710699128059,-0.9265264469106754,0.0
-0.49890798372370104,0.24674653091661095,1.0
-0.49487941936564595,0.032638189392092454,1.0
0.4280228645806171,1.0026216662786134,0.0
-0.3713345439516418,0.9160116373474236,0.0
1.0719678579120588,-0.048024089051424,0.0
-0.7295613680047347,-0.5479410990883555,0.0
0.39638824025676445,0.49948596265480194,1.0
0.8916359322173529,-0.24168256748511976,0.0
-0.37601391663578626,-0.003223078007549493,1.0
-0.551978671576558,0.2685878982059816,1.0
0.010049504886279592,0.4769210724190631,1.0
-0.4534265794436496,-0.1385048499794552,1.0
0.4326293322555467,0.26679092791160575,1.0
0.7530596131869607,-0.3125656391644347,0.0
-0.4589455005265882,-0.3805042063487246,1.0
-1.0721356376237172,-0.0933753878538844,0.0
0.7988002647764496,-0.588136415806294,0.0
0.07930975079558772,0.40057854272934706,1.0
0.3675483922474978,0.4185115051348839,1.0
1.2496216757352168,-0.2687503345179228,0.0
-0.7259288450915348,-0.7229623423776825,0.0
-0.45393279594061586,0.911548827533899,0.0
-0.5681259856538886,-0.7452014988046254,0.0
0.4325272832193393,0.2986899937429186,1.0
0.6249164510765022,0.8835942821789129,0.0
-0.800814506413928,0.5195646826272053,0.0
0.20835219722292747,-0.4271940729695196,1.0
-1.0059762731092114,-0.062359386727197604,0.0
0.9183107729909081,-0.594710244463158,0.0
-0.09275327220024182,1.004591653418799,0.0
0.8458309926178853,-0.42367329751475524,0.0
-0.09808509999692258,0.3457517070119212,1.0
0.41618953767814076,0.043734411680046645,1.0
0.6233846783026991,-0.41840720849765234,1.0
0.00517169640250581,0.45340424341059166,1.0
0.4598358612319209,0.18145083307442486,1.0
0.4593793976019734,-0.5165354965089604,1.0
0.21202613339700668,-0.5659822876852333,1.0
-0.4066437237291733,0.34125923669820535,1.0
0.6890720757460868,-0.6872376215899662,0.0
0.3692480557002473,0.29716634040100287,1.0
0.43220562391449713,-0.242893462411182,1.0
-0.6501306876762041,0.7009818490135695,0.0
-0.8477563664063051,-0.6605540053724276,0.0
-0.31473220820267134,0.02319200576103997,1.0
0.5609028002478015,0.665539544661315,0.0
0.073210691722352,0.8259862764301841,0.0
0.33826294529991263,0.4958367420489428,1.0
-1.050810216054776,0.2193149903467838,0.0
-0.1078010056691261,-0.4268045234096734,1.0
0.4805432724224413,-0.20288174269998696,1.0
-0.40526679329041937,-0.9169118255757936,0.0
-0.3765026320333435,0.9465820742219422,0.0
-0.4413589989745848,0.3100394677985312,1.0
0.37394478509006523,0.17933158142421962,1.0
-0.1266668580932478,0.30727291626078984,1.0
-0.7614128893025703,0.6210147085245621,0.0
0.1009966707227494,-0.8961623178647681,0.0
0.435994704598726,0.07510806440139382,1.0
-0.8854248167239553,0.5674229121290021,0.0
-1.0082684727076314,-0.3940078753103769,0.0
-0.9704747333738616,-0.8181278796719178,0.0
-0.09566109795829578,0.5826087148948111,1.0
-0.22771218856056713,-0.538640173763556,1.0
-1.085088695992599,-0.3094200203651256,0.0
0.09997522792808289,-0.31724628617085254,1.0
-0.018732539924867023,0.33863646237960293,1.0
0.22434822392302245,0.8746671730716321,0.0
-0.2275448401431006,-1.1376450455600633,0.0
0.9109352979100905,-0.12495869009606743,0.0
0.0863646842666085,0.5873437349884854,1.0
0.6381741415734219,0.6791365798232682,0.0
0.49171246936588353,-0.9389501915258303,0.0
0.302818878621811,1.0305414512070028,0.0
-0.10822391659897536,-0.25330172099219816,1.0
-0.3595551480580327,0.8263951746862704,0.0
-0.1460211767883286,0.5534963838084375,1.0
0.5911703732461098,0.7668825847403544,0.0
0.4617259293071257,-0.038336439133541594,1.0
0.23787418632915286,0.24140356373208421,1.0
0.8477676571539521,0.04453326769493675,0.0
0.8590479704025624,0.4040480892935728,0.0
0.46083777707344054,-0.21068050171660552,1.0
-1.0821414774639215,0.22002932525703445,0.0
-0.3942577788023761,-0.1745223690778245,1.0
-0.3526522732698307,0.1532486322740259,1.0
-0.30926174153327257,0.5420991285418606,1.0
-0.9964372122267497,0.5298690962056217,0.0
0.8873299571281392,-0.0180654702238537,0.0
-0.5062072837516705,0.8565249112464811,0.0
0.5127646005367774,0.9025344563370659,0.0
-0.4164357577901293,0.0002749028322226732,1.0
-0.3327830570023619,0.1999675306025825,1.0
-0.5257806414561611,-0.8214981553827482,0.0
-0.5036713072904369,0.4361471776903675,1.0
-1.0478494007056192,-0.27259958848918714,0.0
0.20827390006574348,-0.6074750225921782,1.0
-0.3013219835355502,0.1160420740683578,1.0
0.2160500224483432,-0.9852531450003537,0.0
0.6182246008875827,-0.975826970996998,0.0
0.4901207493275159,-0.3102922223444458,1.0
0.18902280161102375,1.0252889823806492,0.0
-0.5765087507467546,-0.7889034123861656,0.0
0.3317641587688683,-1.0296011621357055,0.0
-0.3782836851112592,-0.16352915444163907,1.0
0.15382484751774675,-0.7998855551146107,0.0
0.21209675930144198,-0.2800221883850096,1.0
0.5594641167936282,-0.8121530390766414,0.0
0.7200247740358912,0.6642505073131642,0.0
-0.6758194050387949,-0.8019382521299625,0.0
0.2678363846279066,0.5756661561359212,1.0
0.7979670356651439,-0.08585486034393222,0.0
-0.11555422622291063,-0.4418515282276738,1.0
-0.15918605815454,-0.5267537110843713,1.0
-0.05566468256906607,0.6029644321135599,1.0
-1.0168407112386681,0.1857493716120054,0.0
-0.14504868964546588,-1.0873622491308814,0.0
-0.7257791995186061,0.6714524028124441,0.0
-0.8548566270730991,-0.3582048058716617,0.0
0.2932661333982462,0.9079040493146003,0.0
-1.1443915103648965,-0.06963682150641559,0.0
0.3095252981369328,0.14662231093808464,1.0
0.48016845600112895,-0.14897875855847953,1.0
-0.457823524244384,-0.11548232360419543,1.0
-0.24453656634248241,0.4297310103691923,1.0
-0.6827007193444324,-0.5966704061914976,0.0
-0.08681444791027748,0.582227154775274,1.0
-0.45682749811779033,-0.05104371335933888,1.0
0.04454593449131378,-0.5542114976099277,1.0
0.7141430919549869,0.5878486295001645,0.0
-0.5162361445696562,-1.0200103366257898,0.0
0.4610244746882928,0.8386165069381757,0.0
-0.7259017859358169,-0.7779505648075735,0.0
0.39285178218777556,-0.9432561423919885,0.0
0.4033909213115478,0.32081623895391115,1.0
0.9194740464611383,-0.4874936892969275,0.0
-0.7502337346824933,-0.06220743787531637,0.0
1.015334472735936,0.37535794536778333,0.0
0.8396226672179464,-0.29731889296088887,0.0
-0.9000634331497313,-0.5369109466982842,0.0
0.12107257834892649,-1.0119251564134268,0.0
-0.4418114932252597,-0.11371973630156029,1.0
-1.0376562236703157,0.11041075562061155,0.0
0.4901171418514182,-0.462051480561576,1.0
0.5368149687388903,0.09308610825602302,1.0
-1.00799031581303,0.2733102561127834,0.0
0.9427434796576948,0.5626884437906655,0.0
-0.47104382037555903,-0.26549924400586544,1.0
0.5647574774879428,-0.05212236043063978,1.0
0.14296531718805325,0.9812603606160385,0.0
0.11210784169780619,-0.3442475876284477,1.0
0.30470047145627566,0.5277523541656234,1.0
-0.730059694438973,0.2948652036469363,0.0
-0.19094848636723152,-0.9291970968260103,0.0
0.3116451913124916,0.39326401423825164,1.0
0.10639288794793739,-0.6186740382577239,1.0
0.5029783019070584,0.05371965281367436,1.0
-0.11536650741866657,-0.674949990009515,1.0
-0.6552663902448533,0.7736333315004875,0.0
-0.8577059006738638,-0.4085590820692382,0.0
0.11633181098346995,-0.3342574854606579,1.0
-0.2190464528516513,0.5038900443854636,1.0
0.1995249162309109,-0.3470299772658325,1.0
0.6668266311018345,-0.8895151023021198,0.0
0.19374960980424885,0.8788498351261901,0.0
0.15946559414115621,-0.6156391396556764,1.0
0.019184811651364875,1.062893652918286,0.0
0.9427813644865186,0.17812244298543894,0.0
0.44159095737005527,-0.46195275663113006,1.0
-0.9426535129689815,0.6320815980294673,0.0
-0.4534038366444114,0.08501015702716475,1.0
-0.4525276750342382,0.17039100789682973,1.0
-0.26200331005953686,0.9693762783805756,0.0
-0.7047250181577199,0.8939579108674779,0.0
0.7968274643014011,-0.7059157907578024,0.0
-0.17683554616389482,-0.6104591451486295,1.0
-0.3692630215544014,0.22336030477283642,1.0
0.152744074685649,0.5475173257692647,1.0
-0.1547751265806393,-0.8471654609440773,0.0
-0.3393493397451772,-0.26513140081087133,1.0
0.38424503038682956,0.3880682508478459,1.0
0.5077338595601774,-0.13935655184859067,1.0
-1.128503589598627,-0.29098873777606615,0.0
0.8383001473932913,-0.4178570106235158,0.0
-0.11767020455608039,-1.0375439882548434,0.0
-0.10233911691114941,-0.47622486839757366,1.0
-1.0047224866174347,-0.2634827180779522,0.0
-0.6960387834541711,0.8283227251805991,0.0
-1.0126710526955383,-0.32533118792981214,0.0
0.9805993363921005,0.22342887426346636,0.0
-0.029604414176751217,0.5807479719784935,1.0
0.409184731816683,-0.8816795008847889,0.0
-0.04783766432286231,-0.41447030335542895,1.0
0.4292827991444316,-0.24411498496751177,1.0
-0.6502092866408778,-0.8335851103853297,0.0
-0.9125633716927074,-0.27902475313825564,0.0
0.20717768333434844,-0.25148765066081946,1.0
0.13238558169746817,-0.8740326734455355,0.0
0.4626150723040637,-0.43959151901102533,1.0
-0.576435138148088,-0.814373961073612,0.0
0.2542973226834168,-0.39772723676553434,1.0
-0.9314240284882298,-0.38755510195285336,0.0
0.49656592805774624,0.9132825834554685,0.0
-0.9712339466366748,-0.14548763674650203,0.0
-0.5816695804714291,-0.8728782000482872,0.0
-0.4993325585006145,0.9631275835002588,0.0
-0.24927760852993472,0.2577990859834028,1.0
-0.5391679019869198,-0.11864601399176647,1.0
-0.7642134101823957,-0.4994833479043962,0.0
0.22495647457947643,0.4017707815582271,1.0
0.21265071120583,-0.44818186452506426,1.0
-0.05355050156565065,0.4545083514277983,1.0
1.007025440971351,0.3497874849384148,0.0
-0.46297732475130626,0.18471428127872003,1.0
-0.30902625954619717,0.17267033238544915,1.0
0.872473086997491,-0.7733789156452514,0.0
0.28906339856911845,0.29427399074948274,1.0
-0.7109916967873315,0.41182188000450615,0.0
1.0071997988384682,-0.2386031808391233,0.0
0.8931732232641137,-0.12445476423294505,0.0
0.677253598368439,0.6449357546016391,0.0
0.6179415602400943,-0.1428688233393775,1.0
0.3775555121139639,0.34082209224922366,1.0
-0.30630538621630427,-0.4286959847111276,1.0
0.33973088999939405,0.1630190471428362,1.0
0.2638534015311056,-0.15315231551361966,1.0
-0.6360458188171443,-0.9164830542565137,0.0
0.2156966273085875,0.3613969109659122,1.0
-0.41985341666362,-0.10753305172211114,1.0
0.019470549001040102,-0.8361053576822386,0.0
-0.03633790314930144,0.9129699361484775,0.0
0.8717320765478757,0.01061210155620762,0.0
0.20088502521993773,-0.46713174591974715,1.0
0.21497913702310256,0.5620963861777741,1.0
-0.12370922549681446,1.0378102518632975,0.0
0.9397760016781517,0.7981513783704246,0.0
-0.9351016541564448,-0.32681134737148365,0.0
0.11510361506381797,1.112040357862949,0.0
0.0891457163625233,-0.5969332108433614,1.0
-0.6437221306389855,0.933569381764372,0.0
-0.2411942258439758,-0.9797003701621999,0.0
0.47999727937564757,-0.13810478547672395,1.0
1.05651680812444,0.11412623767016497,0.0
0.08008749672290738,0.4325794981698605,1.0
-0.8559123007642184,0.4825488827993534,0.0
-0.9478641043363225,0.4508466820804168,0.0
0.9223432793850431,-0.3765944864936872,0.0
-0.5246980014037144,-0.16297771461819613,1.0
0.5096091823559086,0.688552815897842,0.0
-0.0988537880038742,0.5384578531473748,1.0
0.6328565968572304,0.028073358653843205,1.0
0.9174740802743627,0.22860655035484034,0.0
1.0486342489407912,0.21425271073016186,0.0
0.4923457159874469,-0.030414901942863788,1.0
-0.8892768762605718,0.49571532285364495,0.0
0.10785153176321045,-0.5687859892524093,1.0
-0.5804167932100811,0.0077929018962017635,1.0
0.2330675472307029,-0.35102908891754203,1.0
-0.19393625230709055,-0.5826390829582812,1.0
-0.5132360077622445,0.7765855960130341,0.0
0.1597407633913092,0.5588080133533538,1.0
-0.2348803443882748,0.1880655656345668,1.0
-0.003618266783944224,0.5802800359996387,1.0
-0.3544651260782045,-0.4180317241461343,1.0
-1.1348255789595862,-0.30510520282102394,0.0
-0.21433836971669595,-0.36620255502444116,1.0
-0.0177882082186116,-0.9626634682080646,0.0
0.1676202979125509,0.43437319253400153,1.0
-0.12136158816729033,1.0693141159444681,0.0
-0.16673099126100982,0.4327233308908822,1.0
0.08502528195353426,0.3685808571968272,1.0
-0.4371244901167539,0.29037221742871955,1.0
-0.13123615780515943,-0.45217500644148617,1.0
0.8681516157179374,-0.055210736293653376,0.0
0.7605883568475682,-0.6844314619754192,0.0
0.9585565289457847,-0.6301895807130085,0.0
0.07264851752053547,-0.938477883340648,0.0
0.9894621985058614,-0.04810595465133389,0.0
-0.008384769184433066,-0.4919653428858256,1.0
-1.0938426466362636,-0.4924094378389757,0.0
0.32853040037944814,-0.31652461278974026,1.0
0.6998944509112021,0.7342134693317073,0.0
0.17680449953419908,-0.2723598660023364,1.0
-1.0036939623781833,0.23364638319051134,0.0
-0.7820752492161668,-0.6822662167669302,0.0
0.5755049680255888,-0.13965352375731574,1.0
0.10518813430936635,-0.49111122390512046,1.0
-0.9168906695773774,0.4598422499735527,0.0
0.39672786013371436,-0.083673940661008,1.0
-0.43472753912801787,0.07068036448272341,1.0
-0.25575986849698196,0.19939568485160486,1.0
-0.5133675538662856,-0.1548550978522909,1.0
-0.13598823557705855,-0.40587332414912847,1.0
-0.046900506115099105,0.3867676900246359,1.0
0.9354821007884565,0.2937187702295892,0.0
-0.43067502593915297,0.48789871728871187,1.0
1.0359912767244899,0.36584579309270043,0.0
-0.14885311914011298,0.40642403329855425,1.0
-0.3311753756820061,-0.9563848391622524,0.0
0.30035473669271034,0.64668968840684,1.0
-0.3082988336886002,0.5833261348644476,1.0
0.1530838088412035,1.0196076833375243,0.0
0.5139585612281649,0.29737016903597346,1.0
1.1675365913142959,-0.19481837453376058,0.0
0.37111190181768333,0.24167599797573103,1.0
1.0266656846444222,0.014565296726563731,0.0
0.4158347029701495,0.8422395224733701,0.0
0.9820061312317828,-0.24330477492260197,0.0
-0.466253465772721,-1.0363685913913505,0.0
0.48085815297534573,-0.8452847367896472,0.0
-0.33529375170315034,0.9247009251199556,0.0
0.8181433303456753,0.04831203898264322,0.0
0.8805745601329507,-0.7185830495423708,0.0
-0.05641731538114009,-0.6333166916957572,1.0
0.3690689732425725,-0.3314689577938433,1.0
0.5713201388787837,0.12489485357198322,1.0
0.8496513516854429,-0.10698050950270463,0.0
0.27757077067853625,-0.4460663329389875,1.0
-0.31419799417636307,0.36939574319654334,1.0
0.02347206314483505,-1.016433618428928,0.0
0.6128489428252335,0.30137609797127685,1.0
-0.5100091502301355,-0.007763578043948949,1.0
-0.23223012591275832,0.2146353761525257,1.0
-0.37760720422899624,0.41466946644769664,1.0
-0.2737148202576076,-0.31471234879901844,1.0
-0.4740074881258096,0.250726255284433,1.0
-0.833844767256908,0.2667377771162104,0.0
0.5639075463771254,-0.35954082996990333,1.0
-0.5843211301513959,-0.0029238392980118766,1.0
-0.908326336141387,0.19018331989243392,0.0
-0.5352439493632617,-0.34277961377327504,1.0
0.26031578199185285,1.0140101310382623,0.0
-0.5341656000871603,-0.005487640131603648,1.0
-0.31637018102828224,0.46043311362961453,1.0
0.9737556249674224,-0.09281336209559726,0.0
-0.8109847271026014,-0.8243533459153924,0.0
0.16573631059345068,0.4643635750728563,1.0
0.28508248853579704,-0.9020560590394653,0.0
0.5293186089542358,-0.2909836100372842,1.0
0.012944466901176427,0.22779584882278686,1.0
0.4122480303871392,-0.8237428154438659,0.0
-0.9943114331535288,-0.1782386235678838,0.0
-0.018556473937852487,0.9253838175275498,0.0
0.46727109305525716,0.34922691570062847,1.0
-0.838359177981142,0.5788428138446808,0.0
0.5169211050915086,0.20195199233268643,1.0
-0.6139145372989364,-0.049973326432862605,1.0
0.34631232426239844,-0.22301212307094143,1.0
0.5711608851263066,0.15448217695158006,1.0
-0.5319737587872634,-0.2166867248069002,1.0
-0.4265075668005176,-0.295756341482738,1.0
-1.1302220841130142,0.12652844539047547,0.0
0.23736336073424147,-0.6867501493167253,1.0
0.37215397903906877,-0.05820610468288201,1.0
0.38597566673115424,0.4112398708882422,1.0
0.42627161347097714,-0.0646914118046175,1.0
0.4888215556285031,0.21359194007534354,1.0
-0.1715843223070495,0.8887009221616652,0.0
-0.8657665087569433,0.1519463429113282,0.0
-0.21148660740432906,0.2668676783209517,1.0
0.36794836768370726,0.19273011787698652,1.0
0.3025572357482044,-0.35260131402866035,1.0
-0.4596090814806957,-0.25331816598433476,1.0
0.8924564637030762,-0.5346477313584079,0.0
0.4061633547337681,-0.06802653891533386,1.0
-0.45494395623222095,-0.11216266466659328,1.0
-0.021403285036838107,0.4601347357078841,1.0
0.15021532497935564,-0.5842371662116108,1.0
0.5743000501362997,0.29286281527682123,1.0
0.5023319509446909,-0.2598969515190464,1.0
0.36684527674040596,-0.14957690384502825,1.0
-0.26716743977467355,-0.5709087001748332,1.0
0.21184803248943196,-0.5049770744201203,1.0
-0.9983230560892495,0.5273737102685816,0.0
-0.26689743390924947,-0.3980001851124966,1.0
0.519066368621584,0.11671097329490218,1.0
0.37454073402042226,-0.437767828726068,1.0
-0.6775513578205422,-0.7466351807725323,0.0
0.7567247224153854,-0.6494111918466823,0.0
0.3318509655761247,-0.20907781974982376,1.0
0.5880745887069778,0.8823978661594064,0.0
-0.3658475615150569,0.5075731332230806,1.0
0.7770132910703741,-0.2752503602039837,0.0
1.0468394520625814,-0.18740989142099423,0.0
-0.1524987175369066,0.38587286480118493,1.0
-0.5285422614637669,-0.863911926556533,0.0
0.8925359999579434,-0.4913260823374949,0.0
-0.527322963792241,-0.867305304947882,0.0
0.2316692947135661,-0.276122220103956,1.0
0.35300951693751215,-0.3917310179722589,1.0
0.3396321772954877,0.9818972429349964,0.0
0.07025949958867497,-0.9180856711211,0.0
-1.2220499841769095,0.06212272209921618,0.0
0.057719386109560455,-0.3458806543079255,1.0
-0.10900686521825184,-0.7921532455438774,0.0
-0.9599783668325169,-0.3926440288836054,0.0
-0.5596997065401162,0.17812266136306645,1.0
0.8794497696889215,0.23963640370110179,0.0
0.22856848537093205,-0.4218922087619394,1.0
0.8564986981509436,-0.4654719986624369,0.0
-0.6038607663516481,-0.8206929950215817,0.0
-0.22728091312847062,-1.0152775065450739,0.0
0.7256095286310926,0.6865210952668878,0.0
0.2618196791627556,-0.3408704895793877,1.0
-0.5101412894960136,-0.2075834853413106,1.0
0.3265675920698379,-0.14382021152701513,1.0
-0.7394107078759766,-0.5454701344734336,0.0
-0.28588061134242215,0.1950730195136195,1.0
-0.5888546587372322,-0.010439412281589313,1.0
1.0642487070446685,0.23120898988312638,0.0
0.45455586609952703,-0.10858705569550614,1.0
0.05169886352239034,1.1241760744551752,0.0
-0.11982153685153128,-0.3928735379836025,1.0
-0.32971444186731397,0.894725580368762,0.0
0.5594471941393019,0.08741177425015459,1.0
-0.884431524736428,-0.4083610430991295,0.0
0.21672025185645175,-1.0554093588531945,0.0
0.08463582959142017,-0.49188853305852137,1.0
-0.222800094479739,0.8815920150826521,0.0
0.48789721336210196,0.08822288273369183,1.0
-0.45975435150370536,0.2369332401548801,1.0
-0.23320687251569114,0.9169446198910634,0.0
-0.4731395642012771,0.2198460451132345,1.0
-0.08319621139113344,1.045216358550491,0.0
-0.32915372797109443,0.27785881872550694,1.0
-1.041254363726911,-0.27040619873727173,0.0
0.861281057822521,-0.6143422998766043,0.0
0.9812221977895708,-0.5057387124017733,0.0
-0.8638717756533352,0.5364748292405376,0.0
-0.5638900406188623,-0.2925559267781084,1.0
-0.4803876635501706,0.775419405750665,0.0
-0.8446973276357563,0.17780888215364957,0.0
-0.705969684144001,0.7675141099666095,0.0
0.4654984873069982,0.2904858865945855,1.0
0.5158493504762617,-0.7660756065832335,0.0
1.0988546334464036,0.14379470938381758,0.0
-0.29651468946382586,1.05631528185532,0.0
-0.3120989056483383,-0.1426370618644749,1.0
0.025972755385099147,0.269006349323945,1.0
-0.08834771367680805,0.4532385246557067,1.0
-0.2735254748067229,0.42586616687726797,1.0
0.8047510034411446,0.26620153042094125,0.0
-0.30180866835780645,-0.42711141823977106,1.0
-0.5788222087265729,-0.03028961788966688,1.0
-1.0940156591872408,-0.039652373901631656,0.0
0.9123964457287465,0.18877805268101494,0.0
-0.37304821743026817,-1.014986417486633,0.0
-0.5277980583296112,-0.1337339401741833,1.0
-0.8982897308482528,0.10700791337995358,0.0
-0.3245024275078824,-0.3330271464497263,1.0
0.47813673442067095,0.07197831292339898,1.0
0.9232720117559082,0.397394125011101,0.0
-0.24285632949573122,0.4269532405389153,1.0
0.0779954636953945,-0.4266444798434503,1.0
0.39262447162368525,-0.1961908074280255,1.0
1.0024394830455843,0.37005214315002033,0.0
0.2504897215286701,0.21353689911841187,1.0
-0.3695906305816693,0.2095973232592862,1.0
0.23871312239448078,-0.2249208259789952,1.0
-0.10529404645724022,-0.6264125745715998,1.0
-0.7459814190725707,0.5872868003515359,0.0
-0.16726315822325488,0.33860361945566375,1.0
0.11157854752935215,0.401254859912274,1.0
0.8199160921144777,-0.09105633177383399,0.0
0.1379087747011956,0.9767849586024129,0.0
-0.4995170774380053,0.9534697532446577,0.0
0.26261711918710207,-0.9069559975041396,0.0
-1.1356176284266368,0.16740615172768386,0.0
-0.495787757192065,-0.07475987668588446,1.0
-0.2954965495102744,-0.4226231100227258,1.0
0.14581505296866618,0.5229190447623996,1.0
-0.9533009382278067,-0.19436944725431088,0.0
0.5622832620535309,-0.256466635627428,1.0
-0.6307925365272707,-0.8364685185327067,0.0
0.702742644994118,-0.649329184022109,0.0
-0.8879084162884656,0.4547719294837056,0.0
0.17145734209693567,-0.2819135316279767,1.0
0.6847863452753127,-0.6712322368382142,0.0
-0.27175005925627455,0.389618889542103,1.0
-0.6703879666024234,0.8597919699256216,0.0
-0.6174657906786508,-0.3997448876096663,1.0
-0.09637756959183788,0.971891553690706,0.0
0.7536485847024929,-0.7858275776215469,0.0
-0.43070345806375393,0.18451284611040952,1.0
0.6905971266932605,-0.8194358166551899,0.0
-0.7976528604601715,-0.5197161627548289,0.0
-0.1244312718309579,-0.7797706741156339,0.0
0.36883326247945836,-0.907376869593135,0.0
0.8780378981916983,-0.04575003428494676,0.0
-0.31422179090236946,0.2173440448156518,1.0
-0.9960130390881256,0.20018608385726494,0.0
-0.46791221670076144,-0.3995278836133924,1.0
0.6884786361794578,0.7431975448934143,0.0
0.8425003401632183,0.12687063124199247,0.0
-0.8995255040832404,0.33625408511052246,0.0
0.4937604720121841,-0.22966773793424183,1.0
-0.5701435242834424,0.2813821237233221,1.0
0.3103533712764355,-0.3294484298989084,1.0
-0.9047026775061535,0.13283259609024153,0.0
0.21175549209157934,0.06935135855427761,1.0
-0.0512459741821829,-0.5234595658603606,1.0
0.9135056788855828,-0.7251219677208679,0.0
-0.05382157012931696,0.6508745614886922,1.0
-0.20038460218148338,-0.9432286370780776,0.0
0.6995601195861052,-0.7767712956283613,0.0
-0.3724748468804454,0.3260430982531176,1.0
0.11517532116067694,0.5575478730951884,1.0
-0.4291811616983817,-1.0541972021843007,0.0
0.7294459847787529,-0.3482743476630289,0.0
-0.21111904940722429,-0.22032293513641,1.0
-0.19080911046709154,-0.39113964505138293,1.0
-0.26040891799775306,-0.8567970665390942,0.0
0.7011881210341641,0.8189308525260982,0.0
-0.3335581510459053,-0.4515612647250051,1.0
0.9600325861170933,0.47735844028775776,0.0
0.1112516223437569,-0.9205811863240864,0.0
0.3603172928377699,0.20118424750043154,1.0
0.9321422755678311,-0.11719532140226788,0.0
-0.6069646238366767,-0.043405005778690886,1.0
0.847949440026694,0.3859829143694796,0.0
0.3596614755175949,-0.2567648002102628,1.0
-0.9378826619640135,0.7221868812880513,0.0
0.48487609948724913,0.8766072200105679,0.0
-0.17860947363236984,0.2806422271624057,1.0
0.09863742860712682,0.4868079236044357,1.0
0.8131540093950433,-0.15197916461820093,0.0
-0.46124586598913364,0.3706186482774658,1.0
-0.4851972423026145,-0.031760611101033315,1.0
0.9278675708201105,-0.6369697190559617,0.0
0.17982653957978145,-0.4844610770747299,1.0
-0.2520330447575197,0.66167420003528,0.0
0.41750186067524186,0.7093114121478282,0.0
0.30077102672392025,-0.20790816357838424,1.0
-0.7299593515547594,0.8351085723342515,0.0
0.7351302501434188,0.6284357048541765,0.0
0.01249776686932699,-0.5572697146483071,1.0
0.3103647455231087,0.1999864924846763,1.0
-0.8483528617831804,-0.08327575789720951,0.0
-0.15760217179232494,0.37606939152335206,1.0
-0.6784559564341555,0.5855514758621934,0.0
-0.7162100479723279,-0.8900044447161423,0.0
-0.29914029913133017,-0.7597301984722008,0.0
-0.5843832670906413,-0.09600377279585584,1.0
-0.044772370107095866,-0.9846962889371876,0.0
0.4052996395599683,0.37197288099395925,1.0
-0.02644325688806555,0.9154143234154697,0.0
0.1859388197339088,-0.5053616482621497,1.0
0.4581656513890855,-0.8362181849246885,0.0
0.5860286302665931,-0.7470638409248775,0.0
-0.15242711248472796,-0.29760954714535665,1.0
-0.07343348175694606,-0.5005445467924737,1.0
0.23218153708667125,-0.35591922790478336,1.0
0.05321443269363536,-0.9805557279029635,0.0
-0.34315845070774664,-0.4202208002327101,1.0
0.8902148250369102,0.29837120609450957,0.0
-0.6174020595769162,-0.20377348727184402,1.0
-1.0371619216589543,-0.0809267749894225,0.0
-0.8383316750375764,-0.6763375365145099,0.0
0.5317078645595397,-0.3131667314250461,1.0
-0.05034982659031427,0.5418161749162725,1.0
1.0547297663621875,-0.2175922987478802,0.0
-0.07534181367471982,-0.5894826827555161,1.0
0.2291080384433443,0.3829979752850687,1.0
0.09103375181371358,0.8991129757043983,0.0
0.7631753851734335,0.5133161587023556,0.0
0.13965439681174618,-0.4622129982860815,1.0
0.062011029848451485,-0.5280003063840113,1.0
0.3701772895269937,0.9687918762532665,0.0
0.14352557292551998,-0.4941391369718692,1.0
-0.6441971207411116,-0.5244182225493603,0.0
-0.09446441266276541,0.5378259477796304,1.0
0.8690022619608165,0.5260790071221565,0.0
-0.883353364178626,0.008307898542070952,0.0
-0.9598218497808273,0.7135486889741292,0.0
-0.5936926347906101,0.009595281128011932,1.0
-0.45408598315318227,-0.22610344194378795,1.0
0.07889803900240977,-0.43623917835370557,1.0
0.7728460158985059,0.5849606177483225,0.0
0.9210240773068085,0.16765438315164488,0.0
0.427320464481597,0.3265944632033178,1.0
-0.3796499763133443,-0.2786915783686177,1.0
-0.6221631944595112,-0.4640336781394619,0.0
-0.4687949634892238,-0.264730191588396,1.0
0.16240669958195508,0.6742492636259556,1.0
0.9999820081690709,-0.42277842034453966,0.0
0.08847066205881456,1.0825240275082697,0.0
-0.3854768346741366,-0.3366578299401057,1.0
0.4464180603767412,-0.052258226800039116,1.0
-0.6047541681685884,0.6983788309099928,0.0
-0.9117965294560934,-0.590912960198671,0.0
-0.5280545006504979,-0.5713659433222769,1.0
-0.014550534722737207,1.030721748510065,0.0
0.2643571264772916,0.5330601762785541,1.0
-0.427127912551015,0.15036428467506532,1.0
0.6892969911746106,0.5362992427955013,0.0
-0.003555658004097531,0.3491534277849928,1.0
0.23387609943851245,0.3631523356014981,1.0
0.00651847041464148,-1.150245297207116,0.0
-0.015440784961570989,0.5208299325928889,1.0
-0.5896776338991496,0.746436033418303,0.0
0.2546387907316678,-0.5850042014838392,1.0
-0.495269585237454,-0.1969431285386401,1.0
0.5180707216482149,0.37515365361282094,1.0
-0.1177571946477218,-0.8708475844045888,0.0
-0.5561818541856187,0.47644060344072786,0.0
-0.23678338443810842,0.6253974450753442,1.0
0.4473854205810836,0.276486360996094,1.0
-0.19611453331675366,-0.5065942637359726,1.0
0.5672060480616613,-0.8194565236935701,0.0
0.1340188455408058,-0.6435752426588627,1.0
-0.6876476527933189,0.6195640621184736,0.0
-0.39330493038244996,-0.2747876118359031,1.0
-0.8826025964266455,-0.22047307189668883,0.0
-0.22184197909380357,0.6559027240481917,1.0
-0.34047561622647615,-0.15726608894237865,1.0
0.17334724328319975,-0.28922200796492153,1.0
0.4745015226511739,0.9221477664769661,0.0
-0.44931959599692056,-0.9268381356422197,0.0
0.40135768000309474,0.5157654772848825,1.0
-0.5642487368635432,0.961705412507524,0.0
0.3803047592839972,-0.5551548137846456,1.0
-0.21318612092636863,0.27470916559535785,1.0
0.715599253392988,-0.9198591274005801,0.0
-0.604001347349788,-0.9054345169515288,0.0
-1.0519754994575947,-0.04839666635340378,0.0
0.022140297895782098,0.9595496743333916,0.0
0.37818748385702206,0.1425321405769701,1.0
-0.6280859267912268,-0.7536864813797256,0.0
-0.22746211569486896,-0.15458868150214367,1.0
0.15850226811881915,0.9755518229851633,0.0
0.772183535486948,-0.40816202239981636,0.0
-0.3360313689962474,-0.2591880939083314,1.0
-0.378409516355382,0.3942158026027208,1.0
-0.9003742866934903,0.7004705260515165,0.0
0.5302129935653361,-0.5877464400570592,0.0
0.271616653842698,-0.9193588362944446,0.0
0.8335757306275989,0.4836027387219455,0.0
-0.4677350140650888,0.04421251576715979,1.0
-0.45676509370982765,-0.30315483801931276,1.0
-0.17895124572782736,0.42862782306270036,1.0
-0.444136287243586,-0.33911222584674794,1.0
-0.24059526825612032,0.2976884386658396,1.0
0.7773346138687737,-0.755810884289171,0.0
-0.04848702655285751,0.5352623597280841,1.0
0.4227684703243568,-0.13638560449131357,1.0
-1.0838139776676725,-0.391158936914866,0.0
-0.18463288559104638,-0.6706748698539164,1.0
-0.6774103215580556,-0.12640378051525794,1.0
0.3384722649694298,-0.942468582059477,0.0
-0.9621803608852469,-0.27664863180306853,0.0
-0.5887525887322228,-0.6132515552275463,0.0
-1.0762028638680645,0.14901678672350788,0.0
0.521302107056153,0.6599075376411386,0.0
0.08542041054976565,-0.8952108123431305,0.0
-0.27031355237725263,-0.3390162212042545,1.0
-0.5071702764902563,-0.01402821644800098,1.0
-0.4536592251362342,0.8856260541873223,0.0
0.09450756382359692,1.027958298166964,0.0
0.900439026100871,-0.44903551321168467,0.0
-0.859969820645687,0.44883192028998725,0.0
-0.05060659990341941,-1.046765667553855,0.0
1.0476530383145355,0.6003108275514714,0.0
-1.0190984584939562,0.09307354424915082,0.0
0.35642464628852205,-0.21368182012030468,1.0
0.19549093345536794,-0.4348615192265762,1.0
0.535509643051485,-0.8277843433471058,0.0
-0.2361472052124438,0.40666652792619357,1.0
-0.04123813952528853,0.4390830929000804,1.0
-0.3897506127880475,-0.4454004937168988,1.0
0.34465846668065797,-0.2671962666714221,1.0
-0.28294635690520864,0.321247616391338,1.0
0.45282570525799465,-0.010200067925785594,1.0
-0.9972909524416884,0.6530978761564581,0.0
-1.0151971419350667,-0.6398726493573751,0.0
-0.3587055562113979,0.4518865863062459,1.0
-0.34562234622011445,-0.4316248473512434,1.0
-0.46136597534013807,-0.28931429793841795,1.0
0.6067998549445993,0.8977191243479388,0.0
-0.5027732236632741,0.263087324081935,1.0
-0.5836771042652988,0.16127285947520875,1.0
0.00890858186579177,0.5023627627304156,1.0
-0.9299052686224007,0.5811322641673569,0.0
0.5925157022965788,0.8329793857838972,0.0
-0.6650910107467237,0.6712325840104979,0.0
-0.1994917191022761,0.45003784805072955,1.0
-0.7860809299446823,0.720539670975431,0.0
0.7775611585313215,0.4808484671205816,0.0
-0.17417774425893534,0.4504053196071175,1.0
0.17826356996476994,0.974343624617199,0.0
-1.1902659767632926,-0.03167847658538199,0.0
-0.6494806375860542,0.927960005107196,0.0
0.8421503886532836,0.6316352090017608,0.0
0.4643164581059809,0.08208956572262877,1.0
1.0577219745807598,-0.33931485989013915,0.0
0.5701634464108366,0.8006007884575448,0.0
0.3017416694413526,0.43491453101422345,1.0
0.0759396786379492,-0.551473713874167,1.0
-0.4322473244851494,0.034891642952273115,1.0
0.654509278462892,0.008875553604429718,1.0
-0.09988008525486662,1.1049671301241233,0.0
0.1668682076412233,0.929258143422367,0.0
0.18184505623951897,-0.5295721658878569,1.0
-0.5020847035358965,0.750242242344794,0.0
0.6453556147386128,0.8656052819870499,0.0
-0.9296977555209605,-0.5836517236030426,0.0
0.32912844291513976,0.15671520445910628,1.0
-0.4529275092187816,0.8939617180147854,0.0
0.5262771691546889,0.1242861099573265,1.0
-0.003923820766359748,-0.5066192816156012,1.0
0.19568721511841286,1.0676925993831876,0.0
0.09226540829917756,0.96323310097753,0.0
0.44370827736863455,0.8322261961074371,0.0
0.49835547067886543,0.26453662218013374,1.0
-0.7060248037847698,0.8090837591400167,0.0
0.9443467401386548,-0.274866879527501,0.0
0.4676015863421261,-0.3777955572050695,1.0
-0.7179459022699114,-0.8001032043077065,0.0
-0.06628693864772539,-0.3993056972413298,1.0
0.326344968103722,-0.18338398551775753,1.0
-0.49598294443109403,0.8178659807308623,0.0
-1.0549012522368364,-0.6613023425182807,0.0
0.5743314038703122,0.09437677714681211,1.0
0.012060458593461068,1.2244391336068392,0.0
0.4452035825795091,0.3130149037202314,1.0
0.3096896858560937,-0.072135249659967,1.0
-0.9539446376382661,-0.30113015587393566,0.0
0.2975057886447013,0.37360080394964745,1.0
-0.015174911395460903,0.5196205771978323,1.0
0.7727257989690501,0.4973278057566562,0.0
-0.4409854305174245,0.06963395830600172,1.0
0.5624192477896718,-0.2048359145140695,1.0
-0.6718447105965696,-0.9338918187458782,0.0
-0.5343170875531611,-0.8187301480527579,0.0
0.91873302871186,0.0720894676644093,0.0
0.6567531092018607,-0.5925943681386773,0.0
0.08765811795992795,1.1297634169443502,0.0
0.9242817365420344,0.33033462075158654,0.0
0.07536248788100357,0.5779190471972724,1.0
0.8716068473734291,-0.5046285058707437,0.0
-0.898239558535645,0.5069545740965781,0.0
-0.2883514999692348,-0.797419782514519,0.0
-0.2692145347827181,0.5071067037410348,1.0
-0.2591940675654476,0.14670536029274106,1.0
0.46164135199527495,-0.8116547452827276,0.0
-0.32877648954517547,0.7990608173738616,0.0
0.3651079962584369,0.9403844853203367,0.0
-0.12285557792313012,1.055723657000293,0.0
0.9909498814306481,-0.47455515460811315,0.0
0.3172517271516304,-0.5545408087713138,1.0
0.08191375279584115,0.5587435870297599,1.0
-0.6151967459697867,0.8949960690853038,0.0
-0.5262318076262995,1.0138438174333277,0.0
0.5135291762432976,0.08367549051711073,1.0
1.02359978012148,-0.32000589630947956,0.0
0.16615643199318347,-0.42816073618297323,1.0
0.38002197384819797,0.8335615711293114,0.0
-0.6966434631244698,0.33062175879563005,0.0
0.11140628155891792,0.8457649325136707,0.0
1.1422540816638267,0.018748672673371637,0.0
0.088671257046988,-0.5370300649066831,1.0
0.36835081200469705,0.40105009226560107,1.0
0.9382110981413927,0.2641987640572392,0.0
-0.44602954637862435,-0.03367396946763316,1.0
-0.2548422422241241,-0.482805017189063,1.0
0.6256286249520712,-0.8221969586731548,0.0
-0.10321264082142967,-0.5045310068504222,1.0
-0.18957817866558574,-0.46712369925075603,1.0
-0.2525756535045474,0.9718911251324011,0.0
0.339713267194722,-0.2728281247894472,1.0
-0.12281069112484724,-0.2845278075491533,1.0
0.5820916283510011,-0.13905397680279485,1.0
0.34315582128538363,-0.366345203002831,1.0
0.03619007106483355,0.3558871771043879,1.0
-1.0765052013343344,0.045778289054196536,0.0
0.8454203819773735,0.41559141045899045,0.0
-1.128362427332891,-0.0709616373391935,0.0
0.5131910922439716,0.22622794214714836,1.0
-0.8548696189155399,-0.10768653436599263,0.0
0.42227494266751375,0.9672549601631557,0.0
0.7941800692074694,0.729532534835529,0.0
0.5740761577629726,0.5603161906397301,0.0
-0.2525555965132375,1.0524199349058563,0.0
0.41756089977396776,0.1274353010494722,1.0
0.367341298137346,0.13908727156574474,1.0
-0.5838885859878078,-0.8585947065606309,0.0
0.06970958020456104,-0.8819866680328807,0.0
-0.11556092498988627,-0.474862831115849,1.0
-0.3638568149815597,0.10319685998115391,1.0
-0.7004763189523727,-0.5746555008332224,0.0
-0.2756147073507433,-0.3670196059323047,1.0
-0.359990623935556,-0.447925704963815,1.0
-0.8588528228175494,0.3859771383032448,0.0
-0.49553985792313204,-0.697830316696622,0.0
0.47904674874140774,-0.16491178186767444,1.0
-0.24353295903949895,1.0514112271409584,0.0
0.20099977937909805,-0.5802966191986978,1.0
0.11268998818853755,0.661565208551386,1.0
-0.40615805684914097,0.9251294257820957,0.0
0.4719512420856001,-0.025847464685583882,1.0
0.27533062527244945,-0.1432515679270255,1.0
0.49500222765659097,0.11674955297984159,1.0
1.0231435665068935,0.2718621713437833,0.0
-0.03638507522515487,-0.8776640382532106,0.0
-0.3718983320368885,-0.019729852170389972,1.0
-0.1503921339902372,-1.094444414416425,0.0
-1.0609862727446442,0.12464640976500149,0.0
0.5257905144565358,-0.08403384747736366,1.0
-0.29115383663799665,-0.13834669801167254,1.0
0.4798224956668776,0.03792504172234093,1.0
-0.34666127848266404,-0.4014473061859057,1.0
-0.881657874884153,0.5540658608207947,0.0
-0.6154365970095365,0.8701465919659224,0.0
-0.48469896774981963,-0.8212181896697979,0.0
-0.6246288866247641,0.8578955686392946,0.0
-0.9158509133847187,0.2676972183077029,0.0
-0.08330490795063494,0.4428522403724163,1.0
0.4503824088638345,0.07021345949384711,1.0
0.4779964266383214,-0.32044995355541905,1.0
-0.18925695462525322,0.18619751801553514,1.0
0.17216771623530064,0.39988409697220073,1.0
0.5040560013748075,-0.3270397768023249,1.0
-0.0057867559948104955,-1.0365257334220594,0.0
0.6101796079488893,0.6994199362483874,0.0
-1.0872985958260628,0.3788390747749498,0.0
0.11393737718829094,0.36699678358685156,1.0
-0.3909799464370953,-0.9963284689649902,0.0
0.2866876477855178,0.4838731154426344,1.0
-0.23481350282112146,-0.5280765825939149,1.0
0.34720290129971826,-1.2155366793861009,0.0
0.41636288550859724,0.4509528432788338,1.0
1.003264841630436,-0.3597229899892465,0.0
0.5060892165454304,-0.05793343005207125,1.0
0.028566069980820754,-0.5411038893227725,1.0
-0.8792618218545737,0.6484955206750707,0.0
0.6903577299398775,-0.08797575723171414,1.0
-0.3010999282784462,-0.3160970317158875,1.0
0.30764985892641333,0.38356671582403606,1.0
0.3903072700005009,-0.523280167494976,1.0
-0.08995405904286237,0.5237864632310176,1.0
-0.17795473399437514,-0.3053659714900208,1.0
1.0561116745250412,0.0933605469756853,0.0
-0.2164269314339939,0.4891374452984411,1.0
-0.00519141401300359,-0.9353898216518454,0.0
-0.9159924965615709,0.6899923808867745,0.0
-0.016459473198041214,1.0414613518091265,0.0
-0.15456416967142633,0.5216489159073112,1.0
-0.2585185060316004,-0.03001629570700235,1.0
0.49777554226200793,0.33169437832800375,1.0
-0.40006778918192526,-0.8361277617760934,0.0
0.3903536752455457,-0.2183617190432335,1.0
-0.49385753098624163,-0.07458285277233243,1.0
-0.34873247428393167,0.38072017984590506,1.0
0.2677000043840715,0.42028118897076155,1.0
0.8658089975815297,-0.8341894449606041,0.0
-0.8409450344999264,-0.6128913635626053,0.0
-0.2482805976994642,0.225918704125504,1.0
-0.3875564993644736,-0.629906388418917,1.0
-0.7422016403148577,-0.6479219064196479,0.0
0.922861721614998,-0.5418573372914945,0.0
0.5577639151520888,-0.7156412707663815,0.0
0.18980081918425717,0.27836982458411974,1.0
-0.16047288602552032,0.6497659806499367,1.0
-0.27679648607742036,-1.0885359551460114,0.0
0.17568596809904105,-0.38500012938808037,1.0
-0.49984919664772065,-0.1385563277294959,1.0
-0.6287807894785602,-0.8696438082436192,0.0
0.6025788374370404,-0.23376988687407707,1.0
-0.4032475057294287,0.8683219050634589,0.0
-0.4014483533653767,-0.3538819346975631,1.0
-0.005844183843791123,-0.294460373573052,1.0
0.18469693788255787,0.46154248411032445,1.0
-0.2222396734228469,-0.5887500143574875,1.0
-0.6702758357017351,-0.6500107617837381,0.0
0.04073826027321749,-0.3874035820521712,1.0
0.6860860271364714,0.6626864747872525,0.0
0.5734876364655059,-0.02921390748584058,1.0
0.5093398123407905,0.30536342621372725,1.0
0.693075346880617,-0.749300081832401,0.0
0.08193673219660907,-1.0688506148872912,0.0
-0.7169064826749515,-0.42220146941119924,0.0
0.3620447022906552,-0.0727916341278511,1.0
0.17668824653656656,0.3248545211867668,1.0
-0.20670820823888422,-0.4396832927067157,1.0
-1.0703977751255085,0.6712142135753306,0.0
0.7226961724678402,0.45953491086296894,0.0
-0.020652454560982803,0.5518060302477286,1.0
-0.3746793780229907,-0.25997945174038206,1.0
-0.05760996827111572,-1.0714822264263615,0.0
-0.6346429321989816,0.971836482098259,0.0
0.12317472615840837,-0.5000932646873005,1.0
-0.44080359625039084,-0.4559904504499654,1.0
0.41937375192661575,-0.881384782507817,0.0
0.4762606901538037,-0.9117171802977863,0.0
0.11272895562608115,0.5443501515527103,1.0
0.40406069128144273,-0.5388298192125194,1.0
0.86254956058988,-0.37798728757002864,0.0
-0.2897564496600888,0.42560957803257127,1.0
-0.08995107268982011,-0.5708185807807116,1.0
0.20247227762607872,-0.4289792445385335,1.0
0.009869091991766478,0.47502061380831184,1.0
-0.3277807019036645,0.08596469598356798,1.0
-0.013215051002651697,-0.6206937113182506,1.0
-0.3773568027069491,-0.7883753026458351,0.0
0.8769533826777769,0.6492687997813207,0.0
0.3387600091508531,-1.05084475383755,0.0
1.0155353566576968,-0.0682450143196854,0.0
0.42995283194501077,0.29212545574951165,1.0
-0.3523303968599155,0.384538282643262,1.0
0.3962259131113011,-0.470252914049773,1.0
-0.8289769415584972,0.36627511680833014,0.0
0.3656444090830162,0.19303969237770516,1.0
-0.4669859194516241,0.22426085782243227,1.0
0.024637992956380042,0.6741353013527787,1.0
-0.7549462708557552,-0.44851927991718543,0.0
-0.5421992794250527,0.5153536131854924,1.0
-0.36504042166694217,-0.02199409620897494,1.0
-0.3432990698838258,0.2722568549964838,1.0
0.106780415141038,0.535717852215706,1.0
-1.0916742600278195,0.20143701494617744,0.0
-0.27706311943509254,-0.860729754095602,0.0
-0.5719644247117271,0.633291021391349,0.0
0.8965114921144853,-0.04424373015545449,0.0
0.26666910611737676,0.3457988868021038,1.0
-0.2614142848014628,-0.21343987919428586,1.0
-0.754354144777189,0.6237077700372291,0.0
-0.9703966867932529,0.4008453118306096,0.0
-0.6956226703227811,-0.0029796330879656024,1.0
-0.18904290185834094,-0.49431391243998557,1.0
0.41537802351630215,0.4125834565312589,1.0
0.49903649429573194,0.9630316656692481,0.0
-0.30015360858264784,-0.9683596358994015,0.0
0.3188165719941082,-0.9282118623365203,0.0
-0.8931093160399806,0.3499512453738519,0.0
-0.46300470398438265,-0.0010119423532021325,1.0
0.3833084793393814,0.3029225557861924,1.0
-0.12672677878814143,-0.3214006194102189,1.0
-0.19683435674303848,-0.9245586674446933,0.0
-0.3095522058036224,0.9421286068360343,0.0
-0.43115153002224726,0.13143942687472376,1.0
0.2920358062307513,0.26198181182044766,1.0
-0.4950891916089338,-0.2368562373312531,1.0
-0.6643251959714146,-0.7565839080919988,0.0
-0.002851890495006615,-0.8556979259917168,0.0
-0.942995829076128,0.08043824906152762,0.0
0.4133975204720221,0.25281189406351784,1.0
0.1795832707286845,0.23729478073297772,1.0
-0.34054869823521283,-1.0966304848372102,0.0
-0.47535575404196756,-0.021238379691827843,1.0
0.897844014741831,-0.047002431665500305,0.0
-0.3590835564702577,0.3403617117798282,1.0
0.03887339829380518,0.42766725445136056,1.0
0.9852298899796146,-0.47417270205096773,0.0
0.3508582164526309,0.21708658558525307,1.0
-0.2665612490072958,-0.266825082844363,1.0
-0.5075701315483611,-0.401283001210355,1.0
0.024371395713544682,0.5787741094969784,1.0
-0.30109124208655885,-0.3223328902759651,1.0
-0.4429035204145864,0.9396667991609946,0.0
0.8664880376542978,0.5431847086565644,0.0
-0.1149435697077261,0.341246352407653,1.0
0.30117664254590415,0.970907387367574,0.0
0.21183876966098586,0.35618716125282773,1.0
0.5392702919654955,-0.8462540913762063,0.0
-0.0767584644922534,1.069425159604477,0.0
0.42079209380232213,-0.1551927421629118,1.0
-0.3024559257786013,-0.36656403291800743,1.0
0.05926285432894002,-0.5512215361648855,1.0
-0.5160970267270062,-0.11704736378418165,1.0
-0.10901402261703491,-0.541328445843207,1.0
-0.018495474584205696,0.3927895494197064,1.0
-0.6206461406278881,0.7984582422390327,0.0
-0.1546784188737355,1.0621285638556264,0.0
-0.0017538695011485445,-1.1652333853240775,0.0
0.917642801271772,0.3055264076306812,0.0
0.6150497043840314,-0.8550473902685481,0.0
-0.359851115033783,-0.07501410043528806,1.0
-0.41575585888384325,0.05905679721038368,1.0
0.35222192280056236,-0.5381608687465631,1.0
-0.32638906798028944,-0.8391999863703304,0.0
-0.3894046704788391,0.008575214126779751,1.0
0.043298114910105545,-0.46949745891110867,1.0
1.1944273026353969,0.11648661416740291,0.0
0.683727701168383,0.6436238324212871,0.0
0.5304893919159056,-0.9454655615536961,0.0
-0.7597437492994192,0.8478028826815456,0.0
-0.25431094575606206,0.8880303585572027,0.0
-0.28144879091098496,-0.9974872937735592,0.0
0.6553881807940596,0.14546354635152164,1.0
0.05170526628598218,-0.5699142718679857,1.0
0.5596678805573785,0.14357469186367824,1.0
-0.6528442805008332,0.8469001089277115,0.0
-0.09251460422002314,-0.4226294976718413,1.0
-0.2675220129169497,-0.34397209341063373,1.0
0.08990809378409063,0.2743651186470267,1.0
0.1058653151601471,0.9216494166779678,0.0
-0.37597898628772425,0.11734055052708459,1.0
-0.2575716575366874,0.5776243427260882,1.0
-0.5128219397014974,0.7388764819434184,0.0
-0.49359668007964297,0.2850944658682141,1.0
-0.24662329537894995,-0.5172002120114649,1.0
-0.8207607638676521,-0.58423160024212,0.0
-0.43954957957533497,0.29088924041600783,1.0
0.5309063775902378,-0.21325664392022967,1.0
-0.8327267947227829,0.19915242266018324,0.0
0.9662914494042842,0.5427302974083688,0.0
1.1057582165650384,0.018318448136139018,0.0
-0.5961243365842674,0.3229056819865882,1.0
0.022853104913235014,1.1291527551819018,0.0
-0.5037204044786638,-0.7829063762186516,0.0
0.8418866758415695,0.582094312918241,0.0
0.5520625128224501,-0.09650328871354415,1.0
-0.5818609678387627,-0.2466370751265729,1.0
-0.1534758049816891,-0.32757925356156853,1.0
-0.8324924585759546,-0.3644806856852247,0.0
0.5294172365905218,0.6741944609242532,0.0
-0.11718234409295765,0.4563162156864843,1.0
0.49046426635335877,-0.032617465783992015,1.0
-0.01698633388906655,-0.5908431573449132,1.0
-0.3882660312658099,-0.2916372202114096,1.0
-0.2013342994025258,-0.5458394114566081,1.0
0.7327798126295946,-0.8279202583465752,0.0
-0.48852833965919507,-0.8586037558241715,0.0
0.6515005807075082,0.7486677595229793,0.0
0.4896136300493874,0.0678029636340412,1.0
-0.3453009935740009,-0.44397763136072593,1.0
0.8571143838887603,0.07431331157732787,0.0
-1.1517417147227595,0.09940473264153436,0.0
0.5125442015191887,-0.8789518008444199,0.0
0.8468731058750669,-0.4631957964705129,0.0
-0.7572132346886685,-0.7616178914482112,0.0
-0.011381288750664353,-0.6928432674704881,1.0
0.830547466635852,-0.3431163614353523,0.0
-0.37366904852267424,-0.4442651358128243,1.0
0.4214934898020905,-0.5476388079202943,1.0
-0.8779140502298473,0.4773306225095534,0.0
0.563744830694937,-0.11110598330480037,1.0
-0.5610216958146337,1.0320325168525737,0.0
-0.1950207192300089,0.3391782393276963,1.0
0.5522329300687748,0.6750695204584755,0.0
-0.7230623393716847,0.8291142765353838,0.0
-0.4686774665835439,1.003416311892494,0.0
0.07832133105536952,-0.532842411945645,1.0
-0.9177105651173643,-0.43604060914755405,0.0
-0.36074827250264985,-0.3146180869696246,1.0
-0.17226661137110896,1.1145963815268074,0.0
-0.1709997399428063,-0.303184302026957,1.0
0.36050508722605135,-0.20471575119604968,1.0
0.2731155004572153,-0.012974275554605064,1.0
-0.7080079163213651,0.5963554614938126,0.0
-0.6732972742218575,-0.15463590065529012,1.0
-0.8653189124185553,0.18465046966213494,0.0
-0.3525094908250954,0.12944085636977146,1.0
0.046649292382246244,0.5003833932753251,1.0
-1.0551915540079646,-0.01535148452043675,0.0
-0.9833666217691819,-0.1282554426561643,0.0
0.48113366438304206,0.13253640661248128,1.0
0.912015338402942,-0.5543558648963525,0.0
-0.5185483634992853,-0.3323327515617905,1.0
-1.1416639808937705,-0.4296791565101942,0.0
0.20951780107469298,-0.43152455685028945,1.0
-0.22451249588851493,0.41667739637588924,1.0
-0.3998569572724674,-0.4304621659385456,1.0
0.4387987046917448,0.41215223944668916,1.0
0.8037591196001581,-0.31885263598883595,0.0
0.5338136255895306,1.0191447790371035,0.0
-0.6901947087299161,0.7792137022839942,0.0
1.0294336960798551,0.25118214426332147,0.0
0.6073187219133309,0.2197719818483506,1.0
0.34973886742831484,-0.3041997566484535,1.0
0.544449507954576,-0.13280368889266989,1.0
-0.5442745582001437,0.047395102288911146,1.0
-0.006570103437450361,-0.5487284271146089,1.0
-0.9034318988728195,0.4659442154475709,0.0
0.5900899299119481,-0.8791891656112074,0.0
0.3451687987763391,-0.5734007153255598,1.0
-0.26992406336689023,-0.30845113305172545,1.0
0.20961292809626575,-0.3856869032269612,1.0
-0.411424120745841,-0.07715472649320657,1.0
-0.9177197846833162,0.22026594213796416,0.0
-0.27376879718983416,0.532580392418493,1.0
-0.33256030310754503,0.19767664028341497,1.0
0.25896866293888926,-0.9493237739275644,0.0
0.8732573032387989,-0.7577765989954602,0.0
0.23680062489750228,-0.5005139221912072,1.0
0.3201578813298661,-0.8699895883850078,0.0
-0.04845005474896538,0.6069868531360797,1.0
-0.5445917452764609,0.28685056218052934,1.0
0.5414172821126055,0.04468345397495234,1.0
-0.9725695124769986,-0.4815281151616062,0.0
-0.1677692639349159,0.5325751891645633,1.0
0.8809863826323712,-0.5076383543351773,0.0
-0.5500505435337772,0.8303179753871062,0.0
-0.26695600378101336,-0.3057820659688788,1.0
0.3983181039850396,-0.15066348428186827,1.0
0.3074113715450484,0.46772996786995796,1.0
-1.0208041415640767,0.2474492468329791,0.0
-0.045229500925088456,0.2858215810852541,1.0
0.09862225265093708,0.42640007673870994,1.0
0.4918244320726453,-0.3925052294237831,1.0
-0.40210695286448506,-0.18681855998914826,1.0
-0.5779760278824938,-0.7402960369395959,0.0
-0.8833230482743073,-0.49692606590892835,0.0
-0.6894597780414418,-0.8070472520309444,0.0
-0.7088703649979273,-0.7191488372203778,0.0
0.8564463189284554,-0.6090592904689109,0.0
0.29034030340929384,-0.3181224538686648,1.0
-0.4875680159014593,-0.272979975845171,1.0
-0.34272986269650235,0.28254089527990317,1.0
-0.36166085592853614,0.49065190191357005,1.0
-0.07375699435154509,0.6304993773591029,1.0
-1.0934251055142779,0.40211783109875765,0.0
-0.32289758483003894,0.29685600059286865,1.0
0.23045035511825201,-1.007281678803299,0.0
-0.3873852098408047,1.0002064411159919,0.0
0.8707456782927725,-0.3981965121881207,0.0
-0.19630818840428432,-0.9263242637057825,0.0
-0.18382443043496544,-1.0903290699075194,0.0
0.48813854699716247,-0.84171530457094,0.0
1.153823497138376,-0.2934571849228732,0.0
0.21488890682973016,0.36151791089108626,1.0
-0.26570966156788983,0.4121377120336564,1.0
0.30240206618913823,0.08203702381684327,1.0
-0.4443864242777108,-0.35670722878499267,1.0
-0.7481974451420491,0.19576204530110786,0.0
-0.7201293167828215,-0.38756138720141164,0.0
0.6712793235865818,0.7981054813756999,0.0
0.6012661370680852,0.7993359476808404,0.0
0.3286005902634412,0.24634015937410608,1.0
0.027390159094715483,-1.0209770581975888,0.0
0.34691237976950795,0.4773656695398356,1.0
0.5620953107348784,-0.700966570666423,0.0
0.902671783032429,-0.45626108415338434,0.0
-0.34116899010142854,-0.5080325501069772,1.0
-0.18066391389212239,0.500809866837926,1.0
0.07270601875801974,0.5523874296071792,1.0
0.11669793170584687,0.4618093490455686,1.0
-0.6081801791655672,-0.6015196348519256,0.0
-0.3632855036842552,-0.21474957244120335,1.0
-0.7295176693508044,-0.8307841802434786,0.0
0.5339462260548296,0.8936268927671779,0.0
0.8014859520321981,0.5956323400948281,0.0
0.6147688991895415,0.11502117350832586,1.0
-0.42030087576516084,-0.31543891448586914,1.0
-0.6383312348070322,-0.6999315389156874,0.0
-0.29062272729529903,-0.4659288395031897,1.0
-0.28934454789539366,-0.2257554449055533,1.0
-0.41466104024440387,0.8515052363089591,0.0
-1.0197893827851352,0.06924909518737443,0.0
-1.121551450138358,0.0015878770423408683,0.0
0.4025015079188734,-0.2174362384583635,1.0
-0.40688003005874585,0.13404191500926926,1.0
-0.012961069496601446,-0.4468792498787645,1.0
0.9739147527071519,0.7606069162281223,0.0
0.4837361422259483,-0.9713469323343319,0.0
-0.9286145417735531,0.5244431276770125,0.0
0.34042609169463645,0.29734554380062206,1.0
1.0271577023625371,0.3739625947791533,0.0
0.659715066670879,-1.0597652249757028,0.0
0.0778621947434905,-0.5292717241047973,1.0
0.8809888046126517,-0.20344959215779587,0.0
-0.1366434721789496,-1.0815708840680138,0.0
-0.3035463042775013,0.28776255783315086,1.0
-0.352086899582548,-0.3084661092908043,1.0
0.4523080276554695,-0.1868042779576053,1.0
-0.3306218368684578,0.36883505474923933,1.0
0.39210407996063884,-0.28304832676549635,1.0
-0.32262680254063003,-0.37214883346342886,1.0
-0.4488161781028882,0.4604241336969628,1.0
0.263835483156809,-0.8883118798747047,0.0
0.6555213469847273,-0.5568510629526158,0.0
-0.7097710723939699,-0.36889854912474346,0.0
0.4891424089358752,-0.045884895316255975,1.0
-0.2635981103519109,0.49504874948145905,1.0
0.7979618689902436,0.4436478142085628,0.0
-0.9569366988793274,-0.031422483621453105,0.0
-0.919450795468399,-0.040901028756024714,0.0
-0.6670662085800784,0.9509551669647406,0.0
0.21909179649228178,0.8655835420353437,0.0
-0.06961850133138633,0.5336540270259761,1.0
0.6616337524620709,0.7653068778283793,0.0
-0.02935143164670803,0.518459033035913,1.0
0.3935361315756834,0.009168220783703301,1.0
0.2467947625056105,0.1442589261755025,1.0
0.30083204525023044,-0.9321673701206052,0.0
-1.1195036000782501,-0.10478867726331645,0.0
0.315800069918081,-0.46282001893140595,1.0
-0.3101882222638509,-0.2054747445750038,1.0
0.43070494475738275,0.6739160196184918,0.0
0.4057484192432731,-0.8329347118879953,0.0
0.4584905371629686,0.8391533321365183,0.0
-0.26325326639427826,0.28869685610398566,1.0
-0.4827409290882812,0.32560244276256095,1.0
-0.07633051433754576,-0.438647491774901,1.0
-0.48126210230845556,0.4647965725584562,1.0
0.3492808429888971,-0.40518118090419886,1.0
0.6017507451327533,0.618877740199798,0.0
0.28423550266954245,0.7842248234209638,0.0
0.7906287875507193,0.7884588646437809,0.0
-0.38408079232102776,0.2675971608314885,1.0
0.3742856652083494,-0.39166954825544686,1.0
-0.1286165740708773,0.5672121227652226,1.0
0.8074022090485389,-0.6439247271599992,0.0
0.27536819255956096,1.0529847528190281,0.0
-0.100943608499548,0.9410722887496087,0.0
0.4462267549084374,-0.030038016383217972,1.0
0.9110092329329568,0.2846384296450894,0.0
0.2803041148630339,-1.036084234006454,0.0
0.1153077080939215,1.1925806182715217,0.0
-0.6502238849512405,-0.7760513392208354,0.0
0.8843993568844715,0.1355791491465549,0.0
0.2433375583176566,0.6160529391917874,1.0
0.5172911228039916,-0.20027438833893818,1.0
0.3493465561951483,0.024718484174828692,1.0
0.6854856941529057,-0.7646262515419672,0.0
-0.490921985741129,0.9101774664063662,0.0
0.5315985177776793,0.25030299660353006,1.0
-0.4103304911136333,0.12269040200728021,1.0
0.22984187979383225,0.9152778181152736,0.0
-0.825237185321944,0.4921058125339022,0.0
-0.07326670550954355,-0.46254528701421643,1.0
-0.2743410430837556,0.06612265992451369,1.0
0.36503846907594695,-0.0980781099665276,1.0
0.7815714109270038,-0.7241772932529006,0.0
-0.03502438807740137,-1.292858421758834,0.0
0.6402157290446059,-0.5440304544932844,0.0
-0.02430395793985418,0.9567052163016587,0.0
0.6724961400047265,0.4067552577565144,0.0
-0.3717859624254609,0.3453147907909179,1.0
0.3975892113107355,-0.9601303072865649,0.0
-0.8888331221376515,-0.17567436367002282,0.0
-0.4543705003524215,-0.3138248469872076,1.0
-0.47248708344300827,-0.3691281859554507,1.0
0.8233865025662898,-0.5468490184394089,0.0
0.29464985531510807,-0.4397433798918241,1.0
0.193091962300721,-0.44894363701380635,1.0
0.2982905896340909,-0.502350187101717,1.0
0.5488171682561301,-1.0613569081334668,0.0
-0.5211822627006205,-0.8641119807195329,0.0
0.11324697473216858,0.4497022040639341,1.0
-0.3544632841014825,-0.21617863720015135,1.0
0.18839343464536606,-0.4737850291153742,1.0
0.5222231504800264,-0.12757482933739567,1.0
-0.7764105626361928,-0.8390545151903164,0.0
-0.27631610097645437,-0.45064616442810906,1.0
-0.26692017770462034,-0.40974570097114305,1.0
-0.5429575974828936,0.24894304163183573,1.0
-0.11749884438330054,-0.6532709791723821,1.0
0.2781222929621622,0.4802398407301951,1.0
0.2508750281454134,0.9846538308362467,0.0
-0.29599479972633863,-0.4906295341995483,1.0
0.6411336834119666,0.07642226232383564,1.0
0.38756135409844994,-0.4935662267734288,1.0
0.4177938638723121,-0.35922853853192854,1.0
-0.1339793391887968,-1.0834552642910895,0.0
0.6078452920350046,-0.07023817939884268,1.0
-0.3120602766303313,-0.8322418428404189,0.0
0.5040887325876773,0.2898757042713814,1.0
0.5352030625773836,-0.28216346025045225,1.0
0.10444292902244395,-0.49292772576135,1.0
0.3009508588887324,1.0031168532990131,0.0
0.4915955307718848,0.031380889134475225,1.0
1.0304120940044468,0.017140835362147555,0.0
0.94197727946775,0.3979775822358511,0.0
0.9393057426310445,0.2287937186976141,0.0
-0.46897480019863413,0.16415865672933297,1.0
0.11778246589142849,0.9307753631297565,0.0
0.36733565838091786,-0.8197599998488293,0.0
-0.15183266849280957,-0.8758491193563039,0.0
0.12244543408260536,0.6734363347465668,1.0
-0.5077251020187459,0.37777694536022927,1.0
0.7447350050701987,0.5637211809922912,0.0
0.5712640700902599,0.9696448336122797,0.0
0.41154471707916973,-0.13628127569436432,1.0
0.2733077585206654,0.8573456816155431,0.0
-0.49373461703792065,0.06549989188298531,1.0
-0.39804674724626193,-0.26970661953687886,1.0
-0.1576439086556903,0.8801160005147607,0.0
1.0739371345749076,0.21920788333727717,0.0
-0.9478922933769749,-0.277973821942092,0.0
-0.01999782199450033,-0.43432026766484166,1.0
-0.3100572133932406,-0.4602913504002618,1.0
-0.968876988593313,-0.18167226190864802,0.0
-0.36674382772205383,0.8872454164668321,0.0
-1.061746594893467,0.0761371051318098,0.0
-0.3886972105928724,0.5480210863178963,1.0
0.7637740314043732,0.8221965734212291,0.0
0.40076052594808176,-0.06197541510453505,1.0
-0.6642502141663547,-0.21582030725472742,1.0
-0.03539433471123421,0.4578998868146414,1.0
1.0771406291184726,-0.4263111093037455,0.0
-0.4916610664517059,-0.8392850521245135,0.0
-0.36393981783704077,-0.4485470430209945,1.0
-0.553234033117942,0.23667042228816085,1.0
0.4466638510530004,0.4129750619329845,1.0
0.8561999039000352,-0.49230483231372524,0.0
0.917855100364311,-0.25452045153746256,0.0
-0.47647035983464786,-0.04501795040533036,1.0
1.0323315034025906,0.04206666313603338,0.0
0.34323193223428317,0.34607918352813055,1.0
0.6358115318523319,0.6698217643628193,0.0
0.8388965766489823,-0.2656740850762291,0.0
0.21070700295564945,0.4537351278935841,1.0
-0.5405062909901848,-0.1559347122199301,1.0
-0.29484240586908644,-0.9905469341103668,0.0
0.5266962405905127,-0.8507244062815404,0.0
-0.27687978294187465,-0.28202577266667067,1.0
0.6995604369435848,-0.5616545871254889,0.0
-0.41732040988999275,0.07253739119355102,1.0
-0.7081740754527154,-0.5676658671140675,0.0
0.506838979360986,0.04531137187796164,1.0
0.6152162740228976,0.7454431919067142,0.0
-0.19236526136526944,-0.9399528953774607,0.0
-0.13822919526094843,0.34174747411543127,1.0
0.5968742933641762,-0.0849891760721067,1.0
-0.3568090174540336,0.8224854395465692,0.0
0.5216680504440697,1.0947191547536692,0.0
-0.22840140935530898,0.4697344920063138,1.0
-0.8553756609385836,0.3369859013463506,0.0
-0.42945093497811404,0.29301356168051307,1.0
-0.8612768362597505,-0.7510924764166322,0.0
0.41048085735304274,0.26680621087553047,1.0
-0.375343136592648,0.24728768239825294,1.0
-0.16934116232255142,0.9073036478729358,0.0
-0.17835187052119741,0.3424746035820777,1.0
0.05303887363061821,0.5567966023204516,1.0
0.7755503136101879,0.4375023713029612,0.0
-0.6742733000351278,-0.06449378610735337,1.0
0.5087420807851011,-0.39310305946627977,1.0
-0.5910015320349431,-0.743705793506765,0.0
-0.13145211182017771,0.44819362221043607,1.0
-0.19485189655603644,0.8944261878287327,0.0
-0.5032502858770774,-0.3147929968716823,1.0
-0.9873426759146857,-0.04211543869642863,0.0
-0.9938769994609731,0.30963562036722664,0.0
0.20199910146922148,0.4985575743105323,1.0
-0.4118385140869954,0.1472319383479296,1.0
0.36701774528183606,-0.3137077486195254,1.0
0.38028305452214195,0.5181824960953246,1.0
-0.06402339546387334,1.0810543949923521,0.0
0.1633727056595255,-0.9511956593796962,0.0
0.27182181752688594,0.3621726728580888,1.0
0.22212934728053207,0.6436859134233268,1.0
0.8874080899860544,0.18411056098471987,0.0
0.43949495070099603,0.226010008114326,1.0
-0.5621879378472141,0.9150435841763302,0.0
0.014924162632087318,-1.1859605967703213,0.0
1.0878022094480604,0.2326081547425652,0.0
0.7465459305438757,-0.6787126321762691,0.0
0.49975409516648256,0.19656374084987957,1.0
0.902443555371685,0.5013093430332656,0.0
0.0999295607700322,-0.8567991559923973,0.0
0.5397643981811509,0.44978958125375657,1.0
0.41419662314926753,-0.20718173290243425,1.0
0.5692681964620827,0.23584471522175438,1.0
0.5945560373473375,0.3999753545706045,1.0
0.06244701567563324,-1.0655978924779426,0.0
-0.6270061578743236,0.1835140798983951,1.0
-0.9971836065125387,-0.5738673383408575,0.0
0.2647612316422173,1.095185132255206,0.0
0.13834402594213235,0.5656832681615099,1.0
0.0006271116956336059,-1.0040677082569787,0.0
-0.936379931693823,-0.6037978441186057,0.0
0.9287760312756457,0.6592413395130491,0.0
-0.04340042112179192,-1.0223809633234633,0.0
0.7976427387749638,-0.35111364221575325,0.0
-0.2432448011708269,-0.18227308759214783,1.0
0.9772437483058318,0.5918743708517237,0.0
-0.7161921925423314,0.7509334667130969,0.0
0.6622849800197456,0.67982012542258,0.0
-0.24380067320832158,-0.3909849879696181,1.0
0.9945446401963081,-0.01617409280653706,0.0
-0.5988802874680095,0.45298860209345326,1.0
0.49281694970921874,-0.28037171479962625,1.0
-1.0875805149495414,-0.365216096523393,0.0
-0.7877550071298497,0.6925251193673525,0.0
-0.5089508574863371,-0.18466358516555623,1.0
-0.8811187177922958,0.7445561083161795,0.0
0.32796996319408245,1.0078345193575413,0.0
0.9805605210997445,-0.38789036503461827,0.0
-0.5090097847412764,0.8300997369670239,0.0
1.0315561897674872,-0.21006798954171974,0.0
-0.5701187480717462,-0.17632606529396275,1.0
-0.3622119949218893,-0.17320794367370812,1.0
-0.8088172126234014,0.6798415752795985,0.0
0.4313728509772318,-1.0625645606700749,0.0
-0.2779629346598813,0.25895455883224533,1.0
-0.0846850184426504,-0.4685953603469998,1.0
0.036686113470153874,0.9267706024317728,0.0
-0.448226110377443,-0.3966805811989941,1.0
0.13192847891831846,0.38342318953345894,1.0
0.40481254049094956,0.3890019979246167,1.0
-0.4102505174499126,0.05176496261906796,1.0
-0.14877948483231979,-0.35169788288276893,1.0
0.4172532737133978,0.8694380925292609,0.0
-0.19447486617014587,-0.27604886017452274,1.0
-0.14379172810144353,0.469705992287823,1.0
-0.8290831033963424,-0.3196565238895153,0.0
0.3360262599346994,-0.37311114778299753,1.0
-0.7210073806233858,0.7817153210691791,0.0
0.8433817920587442,-0.542795080961621,0.0
-0.1855049505223387,-0.9536406095704025,0.0
0.41109548790736405,-1.0596594575432288,0.0
1.0663789176271108,-0.32764129373256506,0.0
-0.036646755162552905,0.48516087329641316,1.0
-0.3369116797166427,-0.5211050190447398,1.0
0.23550534597599249,0.37385826847829684,1.0
0.4719817149568677,-0.44689904059125096,1.0
0.12578437427466505,0.41885758594471795,1.0
0.8004620414010251,-0.8717997792740639,0.0
1.026089413794002,-0.05533608458899003,0.0
0.4218120718343682,0.4312290132831376,1.0
0.6463823436739377,-0.2556401602942829,1.0
0.3959093109245122,0.16181607935436593,1.0
1.0002540087364584,-0.435663955816955,0.0
0.24507888133900285,-0.865524136083981,0.0
-0.47720186925222136,1.0196611178506618,0.0
0.3484117866659767,0.8590245874596226,0.0
0.7948204648004731,0.45289405678082206,0.0
-0.6378102689228923,-0.6476830464064636,0.0
0.9047287414246552,-0.6084219050575045,0.0
-0.41255400471281367,-0.3265759734164724,1.0
-0.6082659384577651,-0.6806964627700108,0.0
-0.8083044847294096,0.569563982142053,0.0
0.7209927875344126,0.5332177843858165,0.0
0.4753315167382425,0.2918547793563388,1.0
-1.0699301251966897,0.40491672521563543,0.0
0.11011105668369886,-0.9782105196134054,0.0
0.4079298571409684,0.3211745574000391,1.0
0.3775934615762785,-0.30429366487643866,1.0
-0.3975382668869324,1.0022948697881984,0.0
0.9071340243428192,0.2549031204820449,0.0
-0.41561901564227743,0.40929047615792447,1.0
0.03808208805478094,1.0481324519477622,0.0
0.6446382786897586,-0.6811638825230453,0.0
0.5173632805507234,-0.04712890775528601,1.0
-0.33787250911915995,0.1275965467385383,1.0
0.5652406186642229,0.061517620778348076,1.0
-0.26542280736177726,-0.22800895936589485,1.0
-0.7665867791525474,0.7846501194952492,0.0
-0.37348100289744957,0.9232745448664892,0.0
0.023539393097941064,0.9605565054989303,0.0
0.014790641160994222,-0.8468248295606274,0.0
-0.4596599660641453,-0.16195783331260444,1.0
-0.44421081442970023,0.07380600913084914,1.0
0.20862291683086823,-0.09477583404969323,1.0
0.39174813047784046,0.2854194155703411,1.0
0.5413989850750343,-0.3334171054227172,1.0
0.5378408914625801,0.6333224772980895,0.0
0.3111597765174802,-1.1153484198540513,0.0
1.0501902903812441,0.23424622733815648,0.0
0.16328450318562213,0.5043403051120607,1.0
0.605625326407533,-0.7069232517036893,0.0
-0.49298264370928935,0.1306573171747702,1.0
-0.9849285578712054,0.1039254023167221,0.0
-0.3915457678145037,-0.8855503857178685,0.0
0.6279304214789456,0.9741738023416966,0.0
-0.07499390286691891,0.9632810607834918,0.0
-0.2592398633937775,-1.0416027244130348,0.0
-1.0593816791714723,-0.20710806872026397,0.0
-1.0077051109673736,-0.21184234092883383,0.0
-0.6882980247824264,-0.8926949278569937,0.0
-0.20708330219111826,-0.7652218669870733,0.0
-0.09883172987034537,0.5373718308087723,1.0
-0.01621284337074269,0.513403952243519,1.0
-0.7687274267044539,0.5364631097307184,0.0
0.9763256158895963,-0.5047158532485174,0.0
0.2680123397881807,0.5005254250292768,1.0
-0.6760758877145298,-0.9282762161732304,0.0
0.42714035141769147,-0.8146465754691063,0.0
0.5309957973288574,-0.2042707884235938,1.0
0.27179442087781425,0.4844822972602415,1.0
0.6956680492284893,0.6446447620938449,0.0
0.67703415274814,-0.7214055177624259,0.0
-0.9780563962127898,0.26898318589702513,0.0
-0.6108340071188408,0.29145543833833343,1.0
0.3658430429093652,-0.20567677700466275,1.0
-0.07919611722990397,-0.3260014964085045,1.0
-0.15067086083440503,-0.9831571086809292,0.0
0.9073400424545979,-0.21076104708429794,0.0
0.6173586891521179,0.5968947038405058,0.0
0.6557765864646466,-0.2404168073124987,1.0
0.27708070011075914,-1.1808356779790368,0.0
1.143526867498024,0.43538725806420436,0.0
0.6533115806092922,-0.7031147245373288,0.0
-1.030435251038846,-0.187900477989707,0.0
-0.17864363633957928,-0.5448464252477934,1.0
0.428946718678224,-0.8228316072272986,0.0
-0.28110126686284087,-0.2584068038826907,1.0
0.4825216613857162,0.9295770364852419,0.0
0.885249814192425,0.44607172323306477,0.0
-1.1027881333126188,-0.37121200257180964,0.0
-0.6589644765443926,0.05104373326975465,1.0
-0.029842485819462916,-0.8591081693239074,0.0
-0.4194974607804936,0.9219024981261589,0.0
-0.3227613731073174,0.1807853334091859,1.0
-0.795723267664707,-0.8047826950261323,0.0
-0.6114979822911604,-0.04437175284396044,1.0
0.47892461960855814,0.2016728852798939,1.0
-0.7508462161002353,-0.5643743576530077,0.0
0.421287093382091,-0.5486970767099292,1.0
-0.11441044159682041,-0.7360286130411886,1.0
-0.18368979570131286,1.1007597413100967,0.0
0.009108118482134539,-0.4340650835732297,1.0
0.48433684197321863,0.12667118933718038,1.0
-0.5220289186835235,0.5285798215347696,1.0
-0.011306376645249389,-0.6280196071833507,1.0
-0.11477089469819568,-0.9433591096496743,0.0
0.49810909405242,-0.8890603689493602,0.0
0.24937793950196574,0.43177233774914336,1.0
-0.37120070909861697,-0.3375314049856199,1.0
-0.8714812776605864,-0.4913012147937981,0.0
-0.32396312506698133,-0.7191497981894709,0.0
